"feature_id_full","feature_id","feature_mz","feature_rt","sirius_molecularformula"
"100_261.16_2.9",100,261.159931946008,2.8713669,"C15H20N2O2"
"1061_253.12_2",1061,253.117907694129,1.96923951232877,"C12H16N2O4"
"1065_324.29_8.5",1065,324.289708196279,8.45008633675214,"C20H37NO2"
"1069_256.08_0.6",1069,256.081557228877,0.647622926785714,"C11H13NO6"
"107_206.07_4.4",107,206.066875117014,4.40490339268293,"C8H15NOS2"
"1075_165.08_0.7",1075,165.076191250928,0.650918970789474,"C6H14O6"
"1079_169.04_0.7",1079,169.035231928599,0.71277966959596,"C5H4N4O3"
"108_327.2_2.5",108,327.201207230802,2.48347954065041,"C14H30O8"
"1089_606.41_8.7",1089,606.414116910899,8.72653491304348,"C31H60NO8P"
"1153_181.05_2.7",1153,181.049579567816,2.67387947361111,"C9H8O4"
"1163_326.31_9.9",1163,326.305325595637,9.92547142727273,"C20H41NO3"
"1174_253.15_1.5",1174,253.154213691371,1.54004944516129,"C13H20N2O3"
"1198_326.31_9.1",1198,326.305419013977,9.07401495238095,"C20H39NO2"
"1215_204.12_1.5",1215,204.123095635276,1.46682972909091,"C9H17NO4"
"125_235.14_2",125,235.144155275142,2.028503434,"C13H18N2O2"
"127_510.36_8.3",127,510.35582641803,8.310944083,"C25H52NO7P"
"1270_189.16_1.5",1270,189.159654639545,1.48040168850575,"C9H20N2O2"
"1311_398.23_9",1311,398.232761383819,8.95504702727273,"C24H31NO4"
"1314_286.27_6.4",1314,286.274312021515,6.397715525,"C17H35NO2"
"1330_198.22_4.5",1330,198.221766153971,4.54377553333333,"C13H27N"
"1332_338.21_5.1",1332,338.20901235085,5.09407965,"C15H32NO5P"
"1333_144.08_2.3",1333,144.080919447461,2.27870438631579,"C10H11NO"
"1334_248.11_6",1334,248.113795043383,5.96729575625,"C11H21NOS2"
"1350_416.26_3.5",1350,416.264157440002,3.48828822465753,"C21H37NO7"
"1364_344.28_6.2",1364,344.279511262268,6.18367440166667,"C19H37NO4"
"138_174.19_3.8",138,174.185271153703,3.83084842295082,"C10H23NO"
"1384_208.13_2.5",1384,208.133094664106,2.47776720487805,"C12H17NO2"
"1394_296.07_0.6",1394,296.065991516534,0.5886312496,"C8H20NO6P"
"1407_175.12_1.5",1407,175.118965149234,1.45296909902913,"C6H14N4O2"
"1414_280.09_0.6",1414,280.091971328826,0.62496939,"C8H20NO6P"
"1419_166.09_1.6",1419,166.08626568802,1.59091724796748,"C9H11NO2"
"1489_496.34_7.4",1489,496.339917724888,7.3822103173913,"C24H50NO7P"
"149_386.33_7.2",149,386.326610443158,7.16939083870968,"C22H43NO4"
"1498_324.29_7.2",1498,324.289568584005,7.24981708550725,"C20H37NO2"
"1512_169.04_1.5",1512,169.035348604007,1.45120235909091,"C5H4N4O3"
"1514_326.23_4.5",1514,326.232459641309,4.45305856,"C18H31NO4"
"1543_137.06_1.6",1543,137.059743431676,1.55605614308943,"C8H10O3"
"1563_175.14_0.6",1563,175.144122210765,0.611494885227272,"C8H18N2O2"
"1577_234.1_4.3",1577,234.097289604869,4.28225900731707,"C10H19NOS2"
"1590_520.34_7.3",1590,520.339822624683,7.32723695982906,"C26H50NO7P"
"1612_297.1_3.3",1612,297.097952587538,3.28773680186916,"C14H18O8"
"1614_168.05_0.8",1614,168.05153760216,0.820224932878788,"C5H5N5O2"
"1636_225.09_1.2",1636,225.087085980428,1.18721126666667,"C10H12N2O4"
"1642_163.04_1.9",1642,163.038933781394,1.93109927606838,"C9H8O4"
"1648_246.24_5.5",1648,246.242907804831,5.50754025294118,"C14H31NO2"
"1655_182.08_1.5",1655,182.081184015451,1.50177905853659,"C9H11NO3"
"1686_316.28_6.8",1686,316.28466812073,6.81848947352941,"C18H37NO3"
"1690_195.07_2.1",1690,195.065298999988,2.13894350092593,"C10H12O5"
"1703_225.07_4.3",1703,225.069237929274,4.27907703076923,"C10H12N2O2S"
"1709_178.09_4.9",1709,178.089682145552,4.85259068181818,"C7H15NO2S"
"173_338.14_6.8",173,338.138733546855,6.8473413,"C20H21NO5"
"1732_162.11_1.5",1732,162.112433345139,1.51090215982906,"C7H15NO3"
"174_241.09_0.9",174,241.093382520223,0.85810192,"C9H12N4O4"
"1781_340.21_3.9",1781,340.211720674935,3.93864570434783,"C18H29NO5"
"1783_222.03_0.6",1783,222.028994382441,0.598433035274725,"C5H14NO4P"
"1793_328.25_5.3",1793,328.248504272126,5.29324216116505,"C18H35NO5"
"1811_152.07_0.8",1811,152.070563371189,0.802200143252033,"C8H11NO3"
"1812_278.25_8.3",1812,278.247834142211,8.292749685,"C18H31NO"
"1825_327.26_4.9",1825,327.264736176147,4.891521375,"C18H36N2O4"
"1833_596.31_7.3",1833,596.310670052726,7.25372216956522,"C31H47N3O6"
"1841_270.28_9.5",1841,270.279062411042,9.46654222682926,"C17H35NO"
"1843_336.33_8.7",1843,336.326860977467,8.69831847033898,"C22H43NO2"
"1876_202.18_3.2",1876,202.179841457565,3.23320285128205,"C11H23NO2"
"1932_298.27_8",1932,298.27404958877,7.99655987642277,"C18H35NO2"
"1936_270.32_8",1936,270.315570552833,8.01196642195122,"C18H39N"
"1940_304.18_1.9",1940,304.175624124024,1.93748373534483,"C15H23N5O3"
"1941_209.09_1.5",1941,209.09209482812,1.53118560531915,"C10H12N2O3"
"1948_174.15_2.4",1948,174.149091266865,2.4034924968254,"C9H19NO2"
"1966_388.12_3.1",1966,388.124465047535,3.10680106078431,"C16H21NO10"
"1982_230.1_0.7",1982,230.095703344141,0.654810542,"C9H15N3O2S"
"2002_740.46_3.5",2002,740.462685990898,3.53495432876712,"C30H57N15O7"
"2008_280.26_8",2008,280.263444481997,8.0091821,"C18H33NO"
"201_245.1_2.7",201,245.095420133193,2.65627933076923,"C10H16N2O3S"
"2054_220.12_1.9",2054,220.117874145786,1.90781711165049,"C9H17NO5"
"2057_510.36_8.2",2057,510.35578120698,8.1635058323077,"C25H52NO7P"
"2069_744.58_10.4",2069,744.584223380459,10.3573123469388,"C42H82NO7P"
"2073_372.31_6.9",2073,372.311441386108,6.9431098754717,"C21H41NO4"
"2100_258.1_2.4",2100,258.09734485853,2.36473457407407,"C11H15NO6"
"2124_172.13_8.5",2124,172.133219711323,8.50126156585366,"C9H17NO2"
"2128_353.27_7.5",2128,353.26855807931,7.51018357222222,"C21H36O4"
"2142_280.09_1.5",2142,280.091992393138,1.52214837462687,"C8H20NO6P"
"2145_296.26_7.5",2145,296.258435381137,7.54176305528455,"C18H33NO2"
"2168_144.1_1.5",2168,144.101949366241,1.5254054398374,"C7H13NO2"
"2187_242.25_8.6",2187,242.247906351723,8.55847344188034,"C15H31NO"
"219_202.13_3.8",219,202.125315274933,3.75464902352941,"C10H19NOS"
"2191_261.15_7.1",2191,261.148302579246,7.11416199315069,"C16H22O4"
"2193_258.11_1.4",2193,258.109698486508,1.365513557,"C8H20NO6P"
"2197_202.12_2.4",2197,202.123630253152,2.39317560625,"C10H19NOS"
"2245_330.26_5.5",2245,330.263827906617,5.49611606568628,"C18H35NO4"
"2248_252.23_6.3",2248,252.232189249109,6.29161093888889,"C16H29NO"
"2257_242.28_7.4",2257,242.284288070235,7.36751064117647,"C16H35N"
"2274_363.31_11.2",2274,363.305673509638,11.1958977619048,"C27H40O"
"2286_247.11_3.3",2286,247.107788086172,3.31201414084507,"C13H14N2O3"
"2287_183.09_1.4",2287,183.086061045226,1.40477215340909,"C6H14O6"
"229_212.16_3.1",229,212.164530309215,3.12091281166667,"C12H23NO3"
"2292_236.11_4",2292,236.113592530334,4.00217816,"C9H19NO7"
"2293_326.31_7.1",2293,326.305663853314,7.09729389166667,"C20H41NO3"
"2302_344.28_5.9",2302,344.279573795948,5.85053361851852,"C19H37NO4"
"2343_176.09_1",2343,176.091814914824,1.03114916771186,"C7H13NO4"
"2367_165.05_0.9",2367,165.054704341503,0.94142553089431,"C9H10O4"
"238_280.26_9",238,280.263532638648,9.04370696810345,"C18H33NO"
"2381_203.14_0.8",2381,203.139496498592,0.767159849433962,"C9H20N2O4"
"2386_280.26_7",2386,280.263600791373,7.03796643739837,"C18H33NO"
"240_183.09_0.7",240,183.086278461492,0.74251660539823,"C6H14O6"
"2417_144.1_1.5",2417,144.101952343452,1.47270278373984,"C7H13NO2"
"2424_293.16_1.9",2424,293.160666950728,1.90014647846154,"C14H20N4O3"
"2458_154.09_1.4",2458,154.086366638374,1.35354432689076,"C8H11NO2"
"247_292.26_5.3",247,292.263460432007,5.30967359285714,"C19H35NO2"
"2476_240.23_6.6",2476,240.232239417152,6.56723044830509,"C15H31NO2"
"2489_216.2_4.5",2489,216.195867026741,4.50166171788618,"C12H25NO2"
"249_343.3_5.8",249,343.295590532504,5.82905235040651,"C19H38N2O3"
"2507_294.24_6.9",2507,294.242757037632,6.92241951219512,"C18H33NO3"
"2536_475.18_0.6",2536,475.176964696813,0.643186179666666,"C29H24N4O4"
"2541_258.11_1.5",2541,258.109691075978,1.5284919152381,"C8H20NO6P"
"2546_353.27_8.4",2546,353.268439492145,8.3590495021978,"C21H36O4"
"2555_256.26_9.2",2555,256.263527846918,9.18295653495935,"C16H33NO"
"2567_377.15_2.6",2567,377.145048402074,2.61916641981982,"C17H20N4O6"
"2602_188.07_2",2602,188.070563734623,2.02423996403509,"C11H11NO3"
"2612_300.29_8.9",2612,300.289697849007,8.8820984796748,"C18H37NO2"
"2617_203.15_0.6",2617,203.150341624517,0.636589808247423,"C8H18N4O2"
"2625_163.04_3",2625,163.038999859746,3.03403654473684,"C9H8O4"
"2644_296.26_7.7",2644,296.25836429801,7.68879340650406,"C18H35NO3"
"2673_328.32_7.2",2673,328.321041743479,7.22228394166666,"C20H41NO2"
"2678_392.23_5.7",2678,392.227897954181,5.67442866666667,"C19H31N5O5"
"2687_242.1_1.7",2687,242.099864103887,1.7449229,"C9H17NO5"
"2721_163.04_2.3",2721,163.039023548168,2.27922152357724,"C9H8O4"
"2737_371.32_10.6",2737,371.315817049855,10.6125658780488,"C22H42O4"
"2741_223.11_2",2741,223.107543149276,2.03677099120879,"C11H14N2O3"
"276_260.19_3",276,260.185552143203,2.96890452477876,"C13H25NO4"
"2794_225.09_0.9",2794,225.086976371396,0.89856129,"C10H12N2O4"
"2797_356.28_6.2",2797,356.279020874343,6.15015678151261,"C20H39NO5"
"2801_318.18_3",2801,318.181029579909,2.97453724318182,"C17H23N3O3"
"2807_506.32_6.9",2807,506.323839408748,6.92674501967213,"C25H48NO7P"
"2815_315.12_3.7",2815,315.117120531148,3.65950556111111,"C14H19FN2O3S"
"2826_288.22_4.4",2826,288.216846423469,4.39084277241379,"C15H29NO4"
"2876_188.07_2.1",2876,188.070612589851,2.13755921047619,"C11H11NO3"
"2879_314.09_2.1",2879,314.086393083845,2.13643517142857,"C13H15NO8"
"2893_203.14_1.8",2893,203.139114535968,1.78209020306122,"C9H18N2O3"
"2905_355.07_2.6",2905,355.069505285177,2.55426245491803,"C15H16O11"
"2926_276.11_1.6",2926,276.107092009166,1.57514633421053,"C11H19NO8"
"2928_166.12_1.3",2928,166.122614848654,1.34249521641791,"C10H15NO"
"2931_331.15_4.6",2931,331.146776397347,4.55889016206897,"C18H22N2O2S"
"2936_344.32_6.8",2936,344.315860872518,6.84315095645161,"C20H41NO3"
"294_234.1_5.5",294,234.097343010658,5.51521201788618,"C10H19NOS2"
"2952_133.03_0.8",2952,133.031928492772,0.812420085000001,"C5H10O3S"
"2958_163.04_3.3",2958,163.039056915723,3.3098979875,"C9H8O4"
"2965_374.29_5.5",2965,374.290044219367,5.53146515675676,"C20H39NO5"
"297_182.12_1.6",297,182.11779520541,1.58576157916667,"C10H15NO2"
"2971_368.1_1.7",2971,368.097675539806,1.7261210754717,"C16H17NO9"
"2974_281.15_2.1",2974,281.149404156741,2.07829315584416,"C14H20N2O4"
"2992_396.14_3.6",2992,396.144074876554,3.63720145454545,"C22H23NO7"
"3013_163.04_2.6",3013,163.038923377368,2.5569917210084,"C9H8O4"
"3019_259.21_9",3019,259.205665348069,9.01222634421053,"C18H26O"
"3041_171.11_1.7",3041,171.11276382997,1.67016126805556,"C8H16N2O3"
"3058_144.08_2.4",3058,144.08092822835,2.41172755890411,"C10H11NO"
"3065_122.1_1.9",3065,122.096710685922,1.89075671764706,"C8H11N"
"3073_166.09_1.8",3073,166.086200187453,1.84781717317073,"C9H11NO2"
"3103_172.13_3.1",3103,172.133201847231,3.06615670731707,"C9H17NO2"
"3108_175.02_0.8",3108,175.023658180431,0.82365858825,"C6H8O7"
"3111_291.14_1.9",3111,291.14496577482,1.92193513692308,"C14H20N4O4"
"3136_490.18_0.6",3136,490.17679806788,0.642341934605263,"C22H33N3O5S"
"3137_407.35_11.1",3137,407.351802504797,11.1356790963855,"C26H46O3"
"3152_304.18_5.7",3152,304.175504110693,5.66368733170732,"C14H27NO7"
"3186_322.27_6.9",3186,322.274193615116,6.87254507894737,"C20H35NO2"
"3187_296.29_9.7",3187,296.294864760084,9.74859401559633,"C19H37NO"
"3197_177.05_5.8",3197,177.054700711878,5.77740559756098,"C10H10O4"
"320_250.09_1.5",320,250.093306777939,1.54438442898551,"C10H13N5O4"
"3213_483.3_2.9",3213,483.296023163266,2.91607122608696,"C27H40N4O5"
"3236_296.07_1.4",3236,296.06590090588,1.41770627526882,"C8H20NO6P"
"3250_148.06_0.6",3250,148.060460829634,0.626451561478261,"C5H9NO4"
"3259_218.14_3.1",3259,218.138805901191,3.13132214952381,"C10H19NO4"
"3281_298.1_2",3281,298.096773458054,2.00355502564102,"C11H15N5O3S"
"3307_304.26_8.7",3307,304.263725497663,8.70707972336449,"C20H33NO"
"3313_254.25_6.1",3313,254.247915651355,6.10723856857143,"C16H33NO2"
"3317_408.35_8.7",3317,408.346939985036,8.74539545882353,"C25H45NO3"
"3355_184.07_0.6",3355,184.073339844466,0.632395833454546,"C5H14NO4P"
"3360_226.18_4.8",3360,226.180165267592,4.84503849268293,"C13H25NO3"
"3371_188.13_2.9",3371,188.128170416607,2.87190514796748,"C9H17NO3"
"3375_260.19_3.2",3375,260.185679893653,3.15726983217391,"C13H25NO4"
"3379_251.14_1.8",3379,251.138786557956,1.77927260126582,"C13H18N2O3"
"3400_163.04_1.8",3400,163.038637245525,1.77877018319328,"C9H8O4"
"3405_265.15_2.5",3405,265.15466792084,2.49787677425743,"C14H20N2O3"
"3417_542.32_7.5",3417,542.321835055836,7.48144244851485,"C26H50NO7P"
"3425_229.15_2",3425,229.154564867147,1.98502547184466,"C11H20N2O3"
"347_233.15_1.8",347,233.149456582482,1.82264755955056,"C10H20N2O4"
"3490_182.08_1.6",3490,182.081266202435,1.61847640650406,"C9H11NO3"
"3517_288.25_6.7",3517,288.253337084762,6.70723579512195,"C16H33NO3"
"3533_294.24_5.6",3533,294.242919786557,5.59526464464286,"C18H33NO3"
"3535_170.12_2.9",3535,170.117557184483,2.8716619601626,"C9H17NO3"
"3536_217.15_2.4",3536,217.154790998385,2.39442214938272,"C10H20N2O3"
"3543_610.37_8.1",3543,610.370259005802,8.05321,"C29H56NO10P"
"3550_538.39_9.1",3550,538.386847363188,9.05415291428571,"C27H56NO7P"
"3557_271.08_1.4",3557,271.080705560876,1.38968459347826,"C6H15N4O6P"
"3562_468.34_9",3562,468.344877518507,8.98772773571429,"C23H50NO6P"
"3567_230.21_1.6",3567,230.208758219482,1.57056072142857,"C9H23N7"
"3585_352.32_8.9",3585,352.320820134322,8.9186830699187,"C22H41NO2"
"3622_181.05_2.3",3622,181.049557077721,2.29474055280899,"C9H8O4"
"3625_148.06_1.4",3625,148.060419936616,1.36831451523809,"C5H9NO4"
"3637_518.32_7.9",3637,518.32167997568,7.85463195773196,"C24H50NO7P"
"3645_583.44_9.8",3645,583.435621261597,9.75583105625,"C37H60O6"
"3650_768.59_10.6",3650,768.59026422092,10.6100908055556,"C44H82NO7P"
"3658_261.15_6.4",3658,261.148555232852,6.42195483211009,"C16H22O4"
"3659_280.26_8.9",3659,280.26352288471,8.85417167560975,"C18H35NO2"
"3666_204.12_1.6",3666,204.12314747814,1.59253432066116,"C9H17NO4"
"3673_280.26_7.3",3673,280.263420539174,7.29029098780487,"C18H33NO"
"3682_296.07_1.4",3682,296.065878837752,1.44508387634409,"C8H20NO6P"
"3685_284.29_10",3685,284.294790314505,10.0185561869919,"C18H37NO"
"3688_256.08_0.7",3688,256.081573576981,0.650174397058824,"C11H13NO6"
"3690_454.29_7.8",3690,454.292789198485,7.82257092931034,"C21H44NO7P"
"37_370.3_7.2",37,370.295247185473,7.18248075,"C21H39NO4"
"3704_283.18_2.3",3704,283.175099629114,2.2825166504065,"C12H26O7"
"3716_268.26_8.9",3716,268.263501597883,8.91353237345132,"C17H35NO2"
"3730_278.25_8.2",3730,278.247827148691,8.1834970625,"C18H31NO"
"3731_298.27_7.9",3731,298.274050953109,7.85233646747967,"C18H35NO2"
"3768_278.25_6.8",3768,278.247885355624,6.76160603333333,"C18H31NO"
"3770_336.33_10.2",3770,336.326453968764,10.2020143644068,"C22H43NO2"
"3791_353.27_7.4",3791,353.268428569603,7.36900315612245,"C21H36O4"
"3796_229.15_1.2",3796,229.154691617636,1.221778996875,"C11H20N2O3"
"3798_430.33_9.9",3798,430.331644185608,9.91105392666667,"C27H43NO3"
"380_311.12_1.6",380,311.122260742441,1.634179048,"C14H18N2O6"
"3831_469.28_6.6",3831,469.280141045292,6.57876834411765,"C25H42O9"
"3859_368.11_3.1",3859,368.112369793823,3.13445663333333,"C20H17NO6"
"3875_311.16_7.5",3875,311.164716325882,7.5056005735849,"C20H22O3"
"3891_496.34_7.9",3891,496.339743204405,7.85497826585366,"C24H50NO7P"
"390_165.08_1.4",390,165.076098522703,1.38244283211009,"C6H14O6"
"3916_354.34_9.4",3916,354.336750218378,9.44485781393443,"C22H43NO2"
"3917_184.11_1.5",3917,184.108033076023,1.45920938333333,"C8H13N3O2"
"3919_247.13_4.1",3919,247.132570738279,4.11243285294117,"C15H20O4"
"3921_497.31_2.9",3921,497.312104666012,2.85464813333333,"C28H42N4O5"
"393_251.16_0.5",393,251.160182331906,0.509688380116279,"C10H22N2O5"
"3940_138.06_0.7",3940,138.055052335236,0.656884118442623,"C7H7NO2"
"3948_177.1_1.8",3948,177.102238405332,1.75103335921053,"C10H12N2O"
"3973_226.22_5.3",3973,226.216637497983,5.30284287582418,"C14H29NO2"
"3983_583.44_9.6",3983,583.435985565186,9.582511225,"C37H60O6"
"3990_384.14_3.7",3990,384.143848714717,3.69671938076923,"C21H21NO6"
"3991_307.04_1.2",3991,307.043662947929,1.1666835556701,"C10H12N4O5"
"3994_322.27_7.9",3994,322.274089780245,7.90268615945945,"C20H35NO2"
"3997_165.08_1.5",3997,165.076193644633,1.54027111743119,"C6H14O6"
"4031_137.05_1.1",4031,137.045891301932,1.14814528362069,"C5H4N4O"
"4037_186.11_2.6",4037,186.112482969603,2.60840451709402,"C9H15NO3"
"4038_168.1_1",4038,168.102052327159,0.95423230393617,"C9H13NO2"
"4050_496.34_7.7",4050,496.339780507068,7.68027134392523,"C24H50NO7P"
"4055_156.08_1.5",4055,156.076704754577,1.47326859756098,"C6H9N3O2"
"4107_316.25_5.3",4107,316.248357985151,5.33671471388889,"C17H33NO4"
"4139_277.17_2.2",4139,277.166000154098,2.17463267746479,"C14H20N4O2"
"415_221.07_4.6",415,221.074194773001,4.58785249285714,"C11H12N2OS"
"4155_621.3_7.6",4155,621.303371656458,7.55341992647059,"C29H49O12P"
"4157_271.08_1.4",4157,271.080602011603,1.44661560322581,"C6H15N4O6P"
"4164_162.11_0.6",4164,162.112492296058,0.622624906967213,"C7H15NO3"
"4174_496.34_7.6",4174,496.340404261768,7.57393076666667,"C24H50NO7P"
"4185_546.35_8.8",4185,546.352788834498,8.77016055263158,"C26H54NO7P"
"4186_468.31_6.9",4186,468.308797796672,6.94860286489362,"C22H46NO7P"
"4198_236.08_0.5",4198,236.079691701098,0.547112819278351,"C9H15N3O2"
"4200_215.14_1.6",4200,215.139083672475,1.577196187,"C10H18N2O3"
"4205_328.21_3.8",4205,328.211802764857,3.79345108823529,"C17H31NO6"
"421_227.18_2",421,227.175434902376,1.99276284482759,"C12H24N2O3"
"4233_210.09_3",4233,210.088938539461,3.01996075130435,"C7H18NO5P"
"424_569.17_5.3",424,569.165569852077,5.33196836428571,"C29H28O12"
"4247_215.09_0.5",4247,215.087768855972,0.513758564342105,"C8H11BFNO4"
"4252_184.11_0.6",4252,184.108057863503,0.6140225428,"C8H13N3O2"
"4254_252.11_1.1",4254,252.109011973085,1.13589311777778,"C10H13N5O3"
"4265_261.14_2.2",4265,261.144646840298,2.17798201827957,"C11H20N2O5"
"428_578.38_7.9",428,578.382035107987,7.89972845263158,"C29H56NO8P"
"4285_241.15_2",4285,241.154221558628,2.04507430578512,"C12H20N2O3"
"4293_366.17_2.9",4293,366.165970803413,2.9041677125,"C17H23N3O6"
"43_307.18_2.2",43,307.176527024519,2.24661596964286,"C15H22N4O3"
"430_178.04_3.3",430,178.0354180686,3.26847430731707,"C6H11NOS2"
"4300_244.23_5.3",4300,244.22732105316,5.29829152,"C14H29NO2"
"4312_278.25_7",4312,278.247880823579,6.98990878907563,"C18H31NO"
"4317_281.11_2.1",4317,281.114847290264,2.10749764583333,"C13H16N2O5"
"4329_146.12_0.7",4329,146.11759526415,0.65965990338843,"C7H15NO2"
"4330_270.28_9.6",4330,270.279144412782,9.61627077704918,"C17H35NO"
"4353_184.11_1.3",4353,184.10813408017,1.309002575,"C8H13N3O2"
"4361_180.1_2.4",4361,180.101717656466,2.40246837227723,"C10H13NO2"
"4368_256.26_9.1",4368,256.263489638169,9.06911124552846,"C16H33NO"
"4380_131.13_0.5",4380,131.12928205951,0.52667170655914,"C5H14N4"
"4394_238.11_3.3",4394,238.107510502252,3.31387510821918,"C12H15NO4"
"4411_158.08_1.8",4411,158.081233513885,1.75774874308943,"C7H11NO3"
"4416_271.08_0.7",4416,271.080923623057,0.662468795368421,"C6H15N4O6P"
"4437_251.14_1.9",4437,251.13868336153,1.86581834742268,"C13H18N2O3"
"4445_156.08_1.3",4445,156.076727704852,1.33742044634146,"C6H9N3O2"
"4451_229.15_1.8",4451,229.154648024023,1.82406129896907,"C11H20N2O3"
"446_232.15_1.9",446,232.154330494444,1.90172899756098,"C11H21NO4"
"4465_181.05_2.6",4465,181.049575420076,2.56752815949367,"C9H8O4"
"4470_147.11_0.5",4470,147.112856996077,0.547847265882353,"C6H14N2O2"
"4473_136.06_0.7",4473,136.061901371722,0.658307938536585,"C5H5N5"
"449_240.23_5.6",449,240.23246222996,5.63643840247934,"C15H31NO2"
"4494_147.08_0.6",4494,147.076477523465,0.618965573451328,"C5H10N2O3"
"4498_744.59_10.6",4498,744.590476232104,10.58777965,"C42H82NO7P"
"4499_162.11_1.4",4499,162.112487827352,1.42786432347826,"C7H15NO3"
"450_242.25_8.7",450,242.247797564341,8.71294177603306,"C15H31NO"
"4535_240.11_0.8",4535,240.108168266841,0.809704732112676,"C9H15N5O4"
"4547_163.04_2.3",4547,163.038969708778,2.30189303658537,"C9H8O4"
"4556_254.16_1.4",4556,254.16073437587,1.4235984362069,"C11H21N5O3"
"4560_224.2_5.2",4560,224.200938018985,5.2184610884058,"C14H27NO2"
"4563_284.1_1.1",4563,284.099027896034,1.12994325490196,"C10H13N5O5"
"4577_353.27_6.8",4577,353.268441772712,6.77496409466667,"C21H36O4"
"4585_153.04_0.8",4585,153.040600149216,0.825662943723404,"C5H4N4O2"
"4593_166.05_0.6",4593,166.053305849957,0.626669959042553,"C5H11NO3S"
"4594_222.11_3.9",4594,222.11238408284,3.93037506178862,"C12H15NO3"
"4596_175.12_1.4",4596,175.11897666805,1.38724883137255,"C6H14N4O2"
"460_219.13_1.7",460,219.1339641069,1.71751711340206,"C9H18N2O4"
"4605_163.04_2.9",4605,163.038966048578,2.94353067981651,"C9H8O4"
"4607_279.13_1.8",4607,279.133875043452,1.79309599213483,"C14H18N2O4"
"4626_353.27_8.5",4626,353.268711213565,8.48024560430107,"C21H36O4"
"4631_139.04_2.2",4631,139.039053513113,2.22656477966102,"C7H6O3"
"4633_354.19_3.9",4633,354.191046142805,3.89564338285714,"C18H27NO6"
"4635_344.21_2.9",4635,344.206828368019,2.88453956666667,"C17H29NO6"
"4638_478.29_7.5",4638,478.292809848677,7.4531329862069,"C23H44NO7P"
"465_353.27_6.9",465,353.268515054997,6.93945803246753,"C21H36O4"
"4656_173.14_0.8",4656,173.139809927588,0.841360681309524,"C7H16N4O"
"467_294.24_7.1",467,294.24285336638,7.10601001626016,"C18H33NO3"
"4671_163.04_2.1",4671,163.03892014911,2.11251660083333,"C9H8O4"
"4672_508.38_8.3",4672,508.376306636321,8.25673761842105,"C26H54NO6P"
"4680_219.11_2.1",4680,219.112845253673,2.10847782058824,"C12H14N2O2"
"4694_120.08_1.6",4694,120.081014837537,1.57784717678571,"C8H11NO"
"4707_446.33_6.9",4707,446.326397197583,6.94316137,"C27H43NO4"
"4712_797.52_11.2",4712,797.517445630426,11.231674275,"C42H72N2O12"
"4730_368.35_7.9",4730,368.352466665452,7.94886838085106,"C23H45NO2"
"4766_307.18_2.3",4766,307.176642371034,2.30365449605263,"C15H22N4O3"
"477_161.11_2.3",477,161.107367456095,2.2808153640625,"C10H12N2"
"4773_196.1_2.1",4773,196.096958021944,2.06022062777778,"C10H13NO3"
"4775_130.09_0.7",4775,130.086427642111,0.65143068894309,"C6H11NO2"
"480_138.06_1.6",480,138.055006673563,1.55584476280992,"C7H7NO2"
"4805_143.08_0.6",4805,143.081615449084,0.639124847672414,"C6H10N2O2"
"4809_205.1_2.1",4809,205.097166538466,2.11656782946429,"C11H12N2O2"
"4816_261.15_6.9",4816,261.148464377013,6.93325770227273,"C16H22O4"
"4822_182.08_0.9",4822,182.081258387028,0.925687699105691,"C9H11NO3"
"4823_309.16_1.7",4823,309.155657682292,1.70094535151515,"C14H20N4O4"
"4829_483.27_8.4",4829,483.27181355916,8.36036154533333,"C22H43O9P"
"4839_213.12_1",4839,213.123343348293,1.00658163089744,"C10H16N2O3"
"4874_288.29_6.7",4874,288.289262295319,6.701202265625,"C17H37NO2"
"4895_152.07_0.7",4895,152.070513460314,0.734931626967213,"C8H11NO3"
"49_530.36_8.3",49,530.358534245325,8.25252957666667,"C26H54NO6P"
"4921_227.08_2",4921,227.079040454817,2.02398027403846,"C11H12N2O2"
"4924_152.06_1.2",4924,152.056673283442,1.16878362520325,"C5H5N5O"
"4960_204.12_1.1",4960,204.123206352553,1.11608592621359,"C9H17NO4"
"4969_508.38_8.6",4969,508.376248812423,8.59622679473684,"C26H54NO6P"
"497_702.47_9.1",497,702.47092303401,9.11502064117647,"C35H70NO9P"
"5002_400.34_7.6",5002,400.342444246104,7.6286228945946,"C23H45NO4"
"5015_268.1_1.1",5015,268.103961846441,1.06373459826087,"C10H13N5O4"
"5036_236.09_2.6",5036,236.091997649118,2.62614109473684,"C12H13NO4"
"504_261.14_2.1",504,261.14458165314,2.09856374574468,"C11H20N2O5"
"5044_524.37_8.8",5044,524.371090282785,8.76276481545455,"C26H54NO7P"
"5053_137.06_1.8",5053,137.059737042683,1.82806508780488,"C8H10O3"
"5062_309.21_5.6",5062,309.205153231045,5.57114307622951,"C18H28O4"
"5078_510.39_9",5078,510.392351791484,9.01039814444444,"C26H56NO6P"
"509_312.22_4.5",509,312.216975799364,4.53183390806452,"C17H31NO5"
"5090_137.06_1.2",5090,137.059762722152,1.17170809186992,"C8H10O3"
"5146_308.09_0.8",5146,308.091024058178,0.807131378589744,"C10H17N3O6S"
"5158_482.31_3.6",5158,482.311005186467,3.58560637142857,"C26H45NO8"
"5167_220.12_1.7",5167,220.117906787239,1.74355061391304,"C9H17NO5"
"5172_208.1_3.2",5172,208.09691333826,3.17226605263158,"C11H13NO3"
"5178_144.1_0.6",5178,144.101996042262,0.642906303577236,"C7H13NO2"
"5190_152.04_0.5",5190,152.036705579286,0.525799214796748,"C4H9NO3S"
"5195_154.09_1.5",5195,154.086317731159,1.53334526178862,"C8H11NO2"
"5196_251.14_1.8",5196,251.138736526653,1.84048196736842,"C13H18N2O3"
"5211_189.12_1.8",5211,189.123269284437,1.81917902828283,"C8H16N2O3"
"5223_189.16_0.6",5223,189.159782245894,0.587414858709677,"C9H20N2O2"
"523_243.21_4",523,243.20668316773,3.97019657798165,"C13H26N2O2"
"5240_234.13_2.2",5240,234.133887066276,2.2327271203252,"C10H19NO5"
"5248_326.31_7.7",5248,326.305261816282,7.68588110638298,"C20H39NO2"
"5277_278.25_6.7",5277,278.24791917683,6.67881431967213,"C18H31NO"
"5292_374.11_2.7",5292,374.110699540908,2.65578614745763,"C15H19NO10"
"5297_268.26_9.3",5297,268.263610839844,9.26127163551402,"C17H35NO2"
"5298_265.15_2.2",5298,265.154517641193,2.17528754495413,"C14H20N2O3"
"531_334.15_1.8",531,334.149480277982,1.8280201797619,"C14H23NO8"
"5311_258.17_2.8",5311,258.170029643422,2.78982765,"C13H25NO5"
"5315_284.29_9.9",5315,284.294804763971,9.85872569,"C18H37NO"
"5319_272.26_6.1",5319,272.258445058782,6.08834334796748,"C16H33NO2"
"532_328.14_1.6",532,328.139706633915,1.62586749411765,"C15H21NO7"
"5330_173.14_1.2",5330,173.139803718654,1.18964628039216,"C7H16N4O"
"5358_504.34_8.1",5358,504.343301398838,8.088560604,"C24H52NO6P"
"5380_175.12_0.6",5380,175.119040068926,0.604776040630631,"C6H14N4O2"
"5391_154.09_0.8",5391,154.086268444349,0.847157060737705,"C8H11NO2"
"5393_279.14_2.3",5393,279.137239571302,2.30095155903614,"C11H22N2O4S"
"540_163.04_2.7",540,163.03887779846,2.67152112649573,"C9H8O4"
"5402_448.34_7.3",5402,448.342580568906,7.296904896,"C27H45NO4"
"5411_294.15_1.2",5411,294.154610109769,1.22197372222222,"C12H23NO7"
"5412_212.16_4.5",5412,212.164522279612,4.52430065121951,"C12H23NO3"
"5413_131.13_1.5",5413,131.129236857849,1.47208503529412,"C5H14N4"
"5414_186.11_3",5414,186.112509287276,2.97136798455285,"C9H15NO3"
"5434_218.14_1.3",5434,218.138797761752,1.27318997545455,"C10H19NO4"
"5466_493.28_6.7",5466,493.281270346002,6.66026084691358,"C28H36N4O4"
"5471_482.36_8.1",5471,482.361107886824,8.09075854411765,"C24H52NO6P"
"5482_295.16_2.3",5482,295.164730650369,2.349416835,"C15H22N2O4"
"5483_188.06_1",5483,188.055375286219,1.0126804216092,"C7H9NO5"
"5491_422.33_6.9",5491,422.326268334085,6.94662816428571,"C25H43NO4"
"5505_162.08_0.7",5505,162.076083362611,0.671241172845529,"C6H11NO4"
"5517_293.16_2.1",5517,293.160847622963,2.10356927261905,"C14H20N4O3"
"5523_150.06_0.8",5523,150.058512604523,0.810636407572816,"C5H11NO2S"
"5525_428.37_8.2",5525,428.373652505976,8.18850195714286,"C25H49NO4"
"5531_548.37_8.3",5531,548.370853183209,8.2730508319149,"C28H54NO7P"
"5561_204.12_0.8",5561,204.12318693502,0.791834966724138,"C9H17NO4"
"5570_156.08_0.6",5570,156.076833834167,0.610169744796748,"C6H9N3O2"
"56_172.17_5",56,172.169615407176,5.04934036610169,"C10H21NO"
"5602_265.15_2.2",5602,265.154619255352,2.24606476037736,"C14H20N2O3"
"5622_335.26_7.4",5622,335.257888297424,7.36681279347826,"C21H36O4"
"5631_180.1_1.7",5631,180.101753695982,1.66724267407407,"C10H13NO2"
"5641_165.05_0.9",5641,165.054721740127,0.936634303658537,"C9H10O4"
"5651_289.09_0.7",5651,289.091612759569,0.683443773855422,"C12H16O8"
"5660_291.15_2.1",5660,291.145290175331,2.12027098947368,"C14H20N4O4"
"587_229.15_2.1",587,229.154579828691,2.06119700917431,"C11H20N2O3"
"591_280.14_0.7",591,280.138931385384,0.745891506056338,"C11H21NO7"
"600_358.3_6.4",600,358.295415350429,6.42157713092783,"C20H39NO4"
"602_382.37_10.1",602,382.368183427417,10.0843771092437,"C24H47NO2"
"607_309.21_6",607,309.205314946739,6.02676889593496,"C18H28O4"
"628_137.06_0.8",628,137.059735120015,0.794788717235772,"C8H10O3"
"662_744.59_10.7",662,744.590859313734,10.6598492222222,"C42H82NO7P"
"685_332.96_8.4",685,332.96413230957,8.3977051625,"C14H8N2S4"
"709_258.11_3.4",709,258.11219638796,3.35962122195122,"C15H15NO3"
"727_254.25_8.7",727,254.247789864143,8.71981809043478,"C16H33NO2"
"731_175.14_0.9",731,175.144158401527,0.934116135064935,"C8H18N2O2"
"75_295.13_2.3",75,295.1286410974,2.33452065245902,"C14H18N2O5"
"765_221.12_3.5",765,221.11884051504,3.47089430612245,"C10H20O3S"
"767_286.2_3.9",767,286.200912056923,3.90090575504587,"C15H29NO5"
"786_766.58_10",786,766.575272785194,9.9533712051282,"C44H80NO7P"
"814_325.24_6.6",814,325.237096359764,6.59027009591837,"C19H32O4"
"819_277.17_2.4",819,277.165936671456,2.36503349883721,"C14H20N4O2"
"861_258.24_5.6",861,258.242976379578,5.6248995,"C15H31NO2"
"868_205.1_2",868,205.097088178882,2.024269945,"C11H12N2O2"
"87_192.05_3.8",87,192.051156616724,3.81331506,"C7H13NOS2"
"881_300.29_7.6",881,300.289756776643,7.61189072601626,"C18H37NO2"
"911_307.18_2.5",911,307.176507414768,2.53403085897436,"C15H22N4O3"
"912_258.11_0.6",912,258.109820911625,0.632860852857143,"C8H20NO6P"
"922_247.13_1.5",922,247.128823451426,1.53968426526316,"C10H18N2O5"
"926_552.4_9",926,552.400820587413,8.95652931555556,"C28H58NO7P"
"937_152.06_0.7",937,152.056594098726,0.667816375081968,"C5H5N5O"
"942_603.29_7.6",942,603.292839794024,7.55442759032258,"C29H49O12P"
"956_133.06_0.6",956,133.060914301886,0.625094805929204,"C4H8N2O3"
"982_302.31_7.1",982,302.305332184534,7.05079444814815,"C18H39NO2"
