"feature_id"	"feature"	"VIP"	"LV1"	"LV2"
74	"NA_[74_225.08_4]"	2.27295602088984	0.000791941611736294	-0.0614409783489364
4686	"NA_[4686_227.1_2.1]"	2.08239855110394	0.0413017789750823	-0.0656861728617108
5330	"acetylagmatine_[5330_173.14_1.2]"	2.07395904171772	0.00812770807499995	-0.0713713097114112
2687	"pantothenic acid_[2687_242.1_1.7]"	2.0723663562568	0.121461529112839	-0.0178876007271133
2002	"NA_[2002_740.46_3.5]"	2.06027420543376	0.00414124645803936	-0.0455704231351125
1224	"NA_[1224_345.19_2.9]"	2.05666720016187	0.0256082439300583	-0.0781986933723859
2187	"NA_[2187_242.25_8.6]"	2.01219609271304	0.118898777952189	-0.0257280054582713
2417	"DL-Stachydrine_[2417_144.1_1.5]"	1.97183254470238	0.0232901124294328	-0.0654727910003088
4411	"N-Acetyl-proline_[4411_158.08_1.8]"	1.95149720847255	0.0536617220642592	-0.0830533850017015
2168	"DL-Stachydrine_[2168_144.1_1.5]"	1.88631727872095	0.0192519672738176	-0.0610212022258333
5249	"acetylagmatine_[5249_173.14_1.5]"	1.88267662079944	0.0158515836664375	-0.0732853030910308
3997	"hexane-1,2,3,4,5,6-hexol_[3997_165.08_1.5]"	1.88070497683873	0.102269407405343	-0.0131225721057027
2169	"NA_[2169_568.35_3.8]"	1.86255007932224	0.0990445621969868	-0.00245634072561525
3517	"N,N-bis(2-hydroxyethyl)dodecanamide_[3517_288.25_6.7]"	1.84805842605136	0.128938354762147	-0.0398065610254066
1413	"NA_[1413_416.26_3.6]"	1.83979148414357	0.126122875197777	-0.0456668556821169
4848	"NA_[4848_256.12_2.2]"	1.83319642130397	0.0820813138708906	-0.00886446076767735
5178	"DL-Stachydrine_[5178_144.1_0.6]"	1.8099758873229	0.0192801306441642	-0.0587817119401129
5580	"NA_[5580_261.18_0.7]"	1.79871677469653	0.00856486587987857	-0.0533855774875749
5091	"acetylagmatine_[5091_173.14_1.6]"	1.79706896433303	0.0176545813268229	-0.0726847858888184
390	"hexane-1,2,3,4,5,6-hexol_[390_165.08_1.4]"	1.78747225525804	0.103259046445401	-0.0160466492435784
1727	"NA_[1727_362.2_1.1]"	1.77028047218915	0.0269992881448897	-0.0817093493195126
1577	"8-(methylsulfinyl)octyl isothiocyanate_[1577_234.1_4.3]"	1.75787844044849	0.0624655150928138	-0.0819008700972287
2287	"hexane-1,2,3,4,5,6-hexol_[2287_183.09_1.4]"	1.75289207483758	0.103419347317279	-0.019397220961673
4326	"NA_[4326_339.07_2.9]"	1.71504966065334	0.0375614871868293	-0.0905391938941964
4895	"noradrenaline_[4895_152.07_0.7]"	1.67733791637463	0.117795762567508	-0.0273015340510982
372	"NA_[372_275.15_2.5]"	1.67715523797212	0.0245926631754508	-0.0681492201635899
2277	"NA_[2277_269.11_1.9]"	1.67144292311169	0.0480803799864043	-0.065929053244038
710	"NA_[710_465.26_7.1]"	1.6606855491536	-0.00852570900390889	-0.0528194108116235
1075	"hexane-1,2,3,4,5,6-hexol_[1075_165.08_0.7]"	1.64213734389135	0.0941478492683093	-0.0138582631290713
240	"hexane-1,2,3,4,5,6-hexol_[240_183.09_0.7]"	1.63159079285191	0.102184832592713	-0.0185868990985627
4594	"NA_[4594_222.11_3.9]"	1.6032028523775	0.0422357142015182	-0.0686447991987751
5311	"NA_[5311_258.17_2.8]"	1.5998681356893	0.0179368806494089	-0.0511219907287212
3916	"NA_[3916_354.34_9.4]"	1.58426543717523	0.0694461199649759	-0.0627419155082764
814	"NA_[814_325.24_6.6]"	1.58265822438624	0.0956041418076771	-0.00402366930362648
394	"NA_[394_451.12_3.4]"	1.58112870672033	-0.00917196045545873	-0.0507753513734685
4198	"NA_[4198_236.08_0.5]"	1.56329781039466	0.00718750772398247	-0.0455431220487133
4656	"acetylagmatine_[4656_173.14_0.8]"	1.55980657976128	0.016457263684567	-0.0667151451093173
4300	"NA_[4300_244.23_5.3]"	1.55877728429404	0.049269714045807	-0.0141474002540044
3770	"NA_[3770_336.33_10.2]"	1.55456582657703	0.143252190011678	-0.0663928429807231
4031	"hypoxanthine_[4031_137.05_1.1]"	1.5429872543131	0.0344822737632504	-0.0524499532526718
4775	"pipecolic acid_[4775_130.09_0.7]"	1.53993676817413	0.054108841665906	-0.0767999462290027
685	"dibenzothiazol-2-yl disulfide_[685_332.96_8.4]"	1.52995726794293	-0.0104075585526665	-0.047631654504701
2057	"NA_[2057_510.36_8.2]"	1.52579325089528	0.0669801417871144	-0.0141602147763702
1731	"NA_[1731_307.21_5.9]"	1.49869654450475	0.0583759111661238	-0.0859858325834803
3875	"avobenzone_[3875_311.16_7.5]"	1.49597473723608	0.0306254927636686	-0.054846239215168
5273	"sinapic acid_[5273_207.07_3.5]"	1.48300942912297	0.064187051415078	-0.087718347248469
2882	"metribuzin_[2882_215.1_4.4]"	1.47251384466595	0.05702953201284	-0.0471218185993772
2807	"NA_[2807_506.32_6.9]"	1.46921891230524	-0.00188129405803298	-0.0554138234726903
677	"L-N-(1H-Indol-3-ylacetyl)aspartic acid_[677_291.1_2.9]"	1.46729562340455	0.0879634408395696	0.00176927957422791
2547	"NA_[2547_439.12_3]"	1.46521599826089	0.0970319644611331	-0.0097478038483878
1686	"NA_[1686_316.28_6.8]"	1.46250705601336	0.0243614592966996	-0.0744970539460491
1940	"NA_[1940_304.18_1.9]"	1.45211221561995	0.0333065093545577	-0.0414486435469746
1384	"Benzoylcholine_[1384_208.13_2.5]"	1.4152002412325	0.119117070716971	-0.0565201456722272
4650	"S-ethylhomocysteine_[4650_164.07_1.1]"	1.4085056204442	0.02626433670354	-0.07244199839573
2286	"N-acetyltryptophan_[2286_247.11_3.3]"	1.39637142138104	0.104173039499458	-0.0211676737059945
3371	"8-amino-7-oxononanoic acid_[3371_188.13_2.9]"	1.39357202843399	0.0900330046919753	-0.0734863430043289
102	"NA_[102_450.16_2.2]"	1.38738368447173	0.0532883594446496	-0.0713994604225858
2905	"NA_[2905_355.07_2.6]"	1.38466760121546	0.0687692736387018	-0.0581044027977334
767	"NA_[767_286.2_3.9]"	1.38133351360589	0.0409580893642295	-0.0596930178155234
5172	"N-acetylphenylalanine_[5172_208.1_3.2]"	1.38116025391919	0.122196772303067	-0.0393372168157836
3137	"NA_[3137_407.35_11.1]"	1.37831703207179	0.0610274077177494	-0.0691712421899735
2826	"NA_[2826_288.22_4.4]"	1.35779465067068	0.0332195109295827	-0.0493492855914486
1811	"noradrenaline_[1811_152.07_0.8]"	1.35669038365782	0.121526685487203	-0.0449941084054476
1652	"NA_[1652_418.28_3.6]"	1.35605209545445	0.115015722228689	-0.0539629417979939
3730	"NA_[3730_278.25_8.2]"	1.33612762806608	0.1174033224821	-0.0666135146764128
4535	"Tetrahydroneopterin_[4535_240.11_0.8]"	1.33171319950292	0.10697876523441	-0.0491908545057895
3307	"NA_[3307_304.26_8.7]"	1.32553908881761	0.106074481001771	-0.0408704214734131
4712	"NA_[4712_797.52_11.2]"	1.32323820916648	0.0313241892278933	-0.0674431670768107
5297	"SPB 17:1;2O_[5297_268.26_9.3]"	1.32126159051129	0.112082431945358	-0.0487684700032467
108	"heptaethylene glycol_[108_327.2_2.5]"	1.32090722234202	0.0706717431944361	-0.0768799881819098
5220	"NA_[5220_289.16_3.2]"	1.31749696223073	0.0975113059663285	-0.0213362400050144
1175	"NA_[1175_359.18_2.2]"	1.29734874185644	0.0285874270725997	-0.0665100710296599
5538	"NA_[5538_373.22_3.6]"	1.29556216749297	0.0981681844446393	-0.0253388628657875
3065	"2-phenylethylamine_[3065_122.1_1.9]"	1.29233971949061	0.0707169765820049	-0.00424072856336723
2489	"12-aminododecanoic acid_[2489_216.2_4.5]"	1.28494736358074	0.0990476553413175	-0.03286620441926
1334	"1-isothiocyanato-9-(methylsulfinyl)nonane_[1334_248.11_6]"	1.27123701478811	0.0708773995133917	0.00125869720341111
4285	"NA_[4285_241.15_2]"	1.27110722869856	0.0875077144880415	-0.0319263260949114
2737	"bis(2-ethylhexyl) adipate_[2737_371.32_10.6]"	1.26513530907267	0.0556076310648601	-0.0626449805036352
138	"NA_[138_174.19_3.8]"	1.26166948312895	0.0805987403499583	-0.0263351887253983
446	"NA_[446_232.15_1.9]"	1.25953312660082	0.0199589037706912	-0.0540230503754398
3685	"octadecanamide_[3685_284.29_10]"	1.25177117273678	0.113387742622987	-0.052567435416974
201	"5-(2-oxo-1,3,3a,4,6,6a-hexahydrothieno[3,4-d]imidazol-4-yl)pentanoic acid_[201_245.1_2.7]"	1.24666588200999	0.113651357150206	-0.045855419275281
1612	"NA_[1612_297.1_3.3]"	1.24405008121977	0.078254728848839	-0.000888128357711733
3990	"NA_[3990_384.14_3.7]"	1.2430873485095	0.0723227791379494	0.00339080829100416
3829	"avobenzone_[3829_311.16_9]"	1.2413099109668	0.0272509960660517	-0.0408484344463418
2645	"Isochlorogenic acid_[2645_377.08_1.9]"	1.23879767591247	0.107604278842273	-0.0437906311281359
4488	"NA_[4488_307.21_6]"	1.23856872774427	0.0595800601229403	-0.0831685442105166
2199	"NA_[2199_314.12_3.3]"	1.22979230623912	0.0760495955020137	0.00132598952917792
2100	"NA_[2100_258.1_2.4]"	1.22601558797706	0.0821669347709413	-0.000924174085087436
450	"NA_[450_242.25_8.7]"	1.22513249770358	0.0938664846327374	-0.0369107090102669
889	"NA_[889_307.09_2.5]"	1.2248027291801	0.10347597237254	-0.0388141603354921
1518	"NA_[1518_317.12_2.5]"	1.21952237158459	0.0607832353567046	-0.0536089046278423
2445	"NA_[2445_475.22_3.3]"	1.21656628771488	0.0947479590451211	-0.0459561383015669
5514	"NA_[5514_384.14_3.9]"	1.21597419957939	0.0713789297053513	0.00376089424496795
979	"NA_[979_328.1_2.9]"	1.21225604382485	0.0745806285414008	0.00188472254911749
1833	"NA_[1833_596.31_7.3]"	1.21110014810464	0.0715785292322446	-0.0621797023081564
1642	"caffeic acid_[1642_163.04_1.9]"	1.21069927310727	0.103513800518125	-0.0386591110972152
727	"N-(tetradecanoyl)ethanolamine_[727_254.25_8.7]"	1.21050976559072	0.110171531415797	-0.0636064732220023
4164	"carnitinium_[4164_162.11_0.6]"	1.21010635387018	0.0199229762584252	-0.0424978644652181
1732	"carnitinium_[1732_162.11_1.5]"	1.20987463511931	0.0273295831278734	-0.0455219125840789
5196	"N-(4-Aminobutyl)-3-(3,4-dihydroxyphenyl)prop-2-enamide_[5196_251.14_1.8]"	1.20878859511403	0.0842936926595912	-0.0150642380332773
1841	"NA_[1841_270.28_9.5]"	1.2064588429403	0.111187701281561	-0.0492763150568795
5218	"NA_[5218_307.09_2.4]"	1.20323003939387	0.0748371636192641	0.0014997699785486
3731	"NA_[3731_298.27_7.9]"	1.20287760667528	0.0991916234580892	-0.038309072897269
354	"NA_[354_323.08_2.4]"	1.19540769027718	0.0449866662264252	-0.0656172457585869
2343	"NA_[2343_176.09_1]"	1.19334046288432	0.0968914988662893	-0.0344920208861436
5434	"NA_[5434_218.14_1.3]"	1.19072675456997	0.0415462382882053	-0.0711332951760486
4499	"carnitinium_[4499_162.11_1.4]"	1.18844623824431	0.031313183691484	-0.0471163399800887
388	"NA_[388_775.21_4]"	1.18623824472717	0.0515987153763638	-0.0890448327983083
5272	"trans-Cinnamoyl b-D-glucoside_[5272_311.11_1.5]"	1.17898261582294	0.0743907755777531	0.00120005506601008
4184	"NA_[4184_467.12_2.4]"	1.17794106411183	0.0259606275210536	-0.0530116614395921
4621	"N-malonyltryptophan_[4621_273.09_3.2]"	1.17778027690042	0.0873735231743401	-0.0193279117468484
3716	"SPB 17:1;2O_[3716_268.26_8.9]"	1.16849434002308	0.0983443951263467	-0.0446784599919457
5483	"NA_[5483_188.06_1]"	1.16438015666881	0.0189447929136493	-0.0449943765890653
2797	"NA_[2797_356.28_6.2]"	1.16226412223953	0.0881872105507192	-0.068075516304856
3108	"citric acid_[3108_175.02_0.8]"	1.16211310715317	0.0979200675174803	-0.0539547615813177
1643	"NA_[1643_350.22_2.8]"	1.15709958020721	0.0689418796428064	-0.0571522621109777
2085	"NA_[2085_727.19_3.3]"	1.15150817146762	0.0973810866208699	-0.0445676255428796
3496	"NA_[3496_398.31_8.6]"	1.14557344235135	0.0777919807261977	-0.00812534059079155
1285	"NA_[1285_338.12_3.1]"	1.14520233084155	0.0725951868447711	-0.0112027381563289
1843	"NA_[1843_336.33_8.7]"	1.14512653721339	0.101326234248699	-0.0597903314831697
5199	"NA_[5199_289.16_3.5]"	1.14386050905452	0.0590806003249176	-0.0113195933874982
1932	"NA_[1932_298.27_8]"	1.14109151914356	0.0591539017567464	-0.0252265250264347
2971	"NA_[2971_368.1_1.7]"	1.14071084122825	0.0881701229283964	-0.0755011306093151
5036	"NA_[5036_236.09_2.6]"	1.13543180943073	0.0849880786049771	-0.0658764920746412
1350	"NA_[1350_416.26_3.5]"	1.13107611718889	0.100064972171542	-0.0494560578227886
3585	"NA_[3585_352.32_8.9]"	1.12857555463357	0.075282427496916	-0.0541385348700782
2464	"NA_[2464_369.11_2.2]"	1.12339646352654	0.0658127257430832	0.00321993820885028
4626	"NA_[4626_353.27_8.5]"	1.12218394732251	0.0940972831906764	-0.0576773530947569
2257	"1-Hexadecylamine_[2257_242.28_7.4]"	1.11941626391893	0.085333362240529	-0.0597435551286613
507	"NA_[507_515.32_7.5]"	1.11688596688461	0.0868643849897233	-0.0564505498341336
4368	"hexadecanamide_[4368_256.26_9.1]"	1.11599432224244	0.102997968096528	-0.0576113346858075
2128	"NA_[2128_353.27_7.5]"	1.10834595178517	0.0906714989736129	-0.055679225246919
1948	"9-aminononanoic acid_[1948_174.15_2.4]"	1.10789039290609	0.099597290387405	-0.0680069140557027
2678	"NA_[2678_392.23_5.7]"	1.1050293348016	0.0598555235155256	-0.0551679922481042
238	"NA_[238_280.26_9]"	1.10482802287547	0.0953434798308435	-0.0409871013489562
3552	"NA_[3552_654.3_2.7]"	1.10334942777037	0.101872808950617	-0.0662294095427537
1715	"naringenin_[1715_273.08_3.5]"	1.102870086501	0.0696415536932528	0.00493279216055046
3360	"N-undecanoylglycine_[3360_226.18_4.8]"	1.10190899611758	0.0835143150461964	-0.0246899310642438
4467	"2-(Hydroxymethyl)-6-[4-(3-hydroxyprop-1-enyl)-2,6-dimethoxyphenoxy]oxane-3,4,5-triol_[4467_395.13_2.3]"	1.10137558547947	0.0849651947666229	-0.0263984913519643
2145	"NA_[2145_296.26_7.5]"	1.1008499246254	0.0413525274194687	-0.0622989587295404
5315	"octadecanamide_[5315_284.29_9.9]"	1.10019768815296	0.0961608393752978	-0.0517000117644944
4293	"N-hippuryl-N(6)-(carboxymethyl)lysine_[4293_366.17_2.9]"	1.09800472383598	0.0693958560172794	0.00497521506623507
732	"N-(Ammonioacetyl)tyrosyltyrosylprolylthreonine_[732_600.27_3.3]"	1.09602179781683	0.0973934205882351	-0.0746635854344114
4617	"caffeic acid_[4617_181.05_3.3]"	1.09580628352662	0.0942264871995045	-0.0337423269662015
881	"palmitoyl ethanolamide_[881_300.29_7.6]"	1.0945943798237	0.100742079964699	-0.0339154010124713
4233	"NA_[4233_210.09_3]"	1.09234328607679	0.0334753833114681	-0.0606746122288395
4829	"NA_[4829_483.27_8.4]"	1.09055787608153	0.0167318766261643	-0.0578150022252865
3281	"beta-D-Ribofuranose, 1-(6-amino-9H-purin-9-yl)-1-deoxy-5-S-methyl-5-thio-_[3281_298.1_2]"	1.09048867621299	0.100273010091434	-0.0515760408345128
4329	"4-(trimethylammonio)butanoic acid_[4329_146.12_0.7]"	1.09026355301874	0.0209962728094716	-0.045936671732977
3669	"N,N-dimethyltryptamine_[3669_189.14_2.5]"	1.08858615626413	0.0688566311184822	0.00503649509221896
430	"sulforaphane_[430_178.04_3.3]"	1.08810981509766	0.0705559279402395	-0.0199736254982182
4560	"NA_[4560_224.2_5.2]"	1.08750417094433	0.0915774891152226	-0.0284636860344286
4465	"caffeic acid_[4465_181.05_2.6]"	1.08576874911654	0.0780215128671807	-0.00866181450624502
2458	"dopamine_[2458_154.09_1.4]"	1.082883474119	0.0738207666594201	-0.000881594714873269
4730	"NA_[4730_368.35_7.9]"	1.08000891013585	0.0982881699344159	-0.0452180801363433
911	"4-hydroxy-3-methoxycinnamoylagmatine_[911_307.18_2.5]"	1.07733428592686	0.0183457815450735	-0.0538217686550975
2381	"NA_[2381_203.14_0.8]"	1.07517663996421	0.0216993789201504	-0.0312876819040533
4272	"N-malonyltryptophan_[4272_291.1_3.2]"	1.07227296114321	0.0836444962065354	-0.0188274348364581
1690	"NA_[1690_195.07_2.1]"	1.0717279825654	0.0697122650133025	-0.000992153401809655
3206	"NA_[3206_337.14_2.3]"	1.06959646456477	0.0773875975128766	-0.0103522981488375
1498	"NA_[1498_324.29_7.2]"	1.06558197787969	0.0961073847867557	-0.0272495894632412
765	"9-(methylsulfinyl)nonanoic acid_[765_221.12_3.5]"	1.06308250395787	0.0979045857308031	-0.0601239067640645
5500	"NA_[5500_379.1_2.5]"	1.0610780188568	0.0975321103315465	-0.0645492742358349
424	"NA_[424_569.17_5.3]"	1.05922140778137	0.040660628497591	-0.0625151008126158
44	"NA_[44_373.11_2.3]"	1.05659646725914	0.0848105856352296	-0.0529857282982682
2958	"caffeic acid_[2958_163.04_3.3]"	1.05584147146024	0.0826819702138132	-0.0176747131355997
1215	"NA_[1215_204.12_1.5]"	1.0550780180775	0.0845474918934257	-0.0578863607807143
1876	"caproylcholine_[1876_202.18_3.2]"	1.05505558188832	0.0531218743800663	-0.07250827480926
2755	"N-(4-Aminobutyl)-3-(3,4-dihydroxyphenyl)prop-2-enamide_[2755_251.14_2.2]"	1.05300931711217	0.0792351988010232	-0.0250096900769461
4951	"sinapic acid_[4951_225.08_2.6]"	1.05100079450153	0.0913873160476235	-0.0580417692705441
5570	"histidine_[5570_156.08_0.6]"	1.04741515505274	0.0412922579445396	-0.0726315003503452
2936	"NA_[2936_344.32_6.8]"	1.04549361779663	0.0642735987382037	0.00557938726547424
2525	"NA_[2525_412.22_3.5]"	1.04455286015611	0.0462347040165656	-0.0564797300530142
4396	"NA_[4396_412.14_3.7]"	1.04407878374485	0.0657690728944153	0.00514911060405402
5248	"NA_[5248_326.31_7.7]"	1.04017605388533	0.0956819746185313	-0.0313417834504685
2963	"caffeic acid_[2963_181.05_2.3]"	1.03999043338574	0.087230296811849	-0.0232099408976755
2030	"NA_[2030_579.13_3.8]"	1.03894478587295	0.0819686550295431	-0.0864477765309043
2473	"NA_[2473_361.13_2]"	1.0379409339688	0.0772009655771417	-0.00750320164324537
3622	"caffeic acid_[3622_181.05_2.3]"	1.03469437575273	0.0863032681766033	-0.0222749859116316
3013	"caffeic acid_[3013_163.04_2.6]"	1.03355044275422	0.0793323414909229	-0.0143146800273297
5319	"SPB 16:1;2O_[5319_272.26_6.1]"	1.03122226064554	0.0908195351483291	-0.0580723624705505
3919	"NA_[3919_247.13_4.1]"	1.02973593751986	0.0941579301733405	-0.0592034842831782
244	"NA_[244_510.36_8.5]"	1.02935458969955	0.0915122876468877	-0.0476817104985917
2186	"NA_[2186_338.18_2.6]"	1.02875723754603	0.0917171933105827	-0.0297227318099103
5561	"NA_[5561_204.12_0.8]"	1.02417615757405	0.0401161092701011	-0.0704156042529683
276	"NA_[276_260.19_3]"	1.02323001258741	0.0938947521888069	-0.0543827768945214
5443	"NA_[5443_433.13_2.5]"	1.02185350129935	0.0622911026066473	0.00458364928168819
1156	"NA_[1156_433.13_3]"	1.02163566811625	0.0457727431786615	-0.0682079276104209
1590	"NA_[1590_520.34_7.3]"	1.02077168072755	0.0192899045357081	-0.0591768563062068
1311	"diethylamino hydroxybenzoyl hexyl benzoate_[1311_398.23_9]"	1.01913734916588	0.0852108483801685	-0.0544499570402403
1646	"NA_[1646_435.13_3.5]"	1.01772526551593	0.00817874993694252	-0.0258689569838867
3488	"NA_[3488_388.14_2.4]"	1.01704182310187	0.0617272272659121	0.00617804463432135
2667	"NA_[2667_321.19_2.6]"	1.01253957357008	0.027293948849083	-0.0576608833102271
4361	"N-acetyltyramine_[4361_180.1_2.4]"	1.01230724208174	0.0713209380998554	-0.00723271958649625
3682	"NA_[3682_296.07_1.4]"	1.01198714668482	0.0930381407345035	-0.0453002917433802
3186	"NA_[3186_322.27_6.9]"	1.01181014790152	0.0934233998598436	-0.0311848831888944
229	"NA_[229_212.16_3.1]"	1.01177862627346	0.078206719757372	-0.0405207581033769
4607	"Tyrosyl-Proline_[4607_279.13_1.8]"	1.00799457953669	0.0788658539501385	-0.0578046164783545
711	"gallic acid_[711_171.03_1]"	1.00656292935046	0.0228501201629505	-0.0516960768768643
3688	"NA_[3688_256.08_0.7]"	1.00564464829061	0.0915809466008193	-0.0612054817534306
1514	"N-[[3-Hydroxy-2-(2-pentenyl)cyclopentyl]acetyl]isoleucine_[1514_326.23_4.5]"	1.00482456457465	0.063849928092288	-0.0590808583585493
3559	"Leucyl-Threonine_[3559_233.15_2.3]"	1.0022170183309	0.0699319997457011	-0.035004705216539
5158	"NA_[5158_482.31_3.6]"	1.00101983686156	0.0616270432837974	0.00573830141863444
297	"NA_[297_182.12_1.6]"	0.999874786300977	0.0625493032885273	0.00515936146306454
1364	"NA_[1364_344.28_6.2]"	0.999556858648238	0.0920467453141421	-0.0513386734127936
3574	"NA_[3574_431.38_9.6]"	0.999330141212099	0.0870742193788706	-0.0384449130819631
465	"NA_[465_353.27_6.9]"	0.99910262978057	0.0850572933718229	-0.0340448101500066
3400	"caffeic acid_[3400_163.04_1.8]"	0.998967378949645	0.0630696891311455	0.00456351801806146
2625	"caffeic acid_[2625_163.04_3]"	0.998864523705112	0.0717059036898114	-0.00376213926663685
5298	"NA_[5298_265.15_2.2]"	0.998113978727266	0.08347844394601	-0.0436072117164424
3382	"NA_[3382_245.09_3.2]"	0.997318576329504	0.0808956129200663	-0.0189114110353971
5398	"N-malonyltryptophan_[5398_313.08_3.2]"	0.996127579948346	0.0846533945330647	-0.0274413950790969
1936	"octadecan-1-amine_[1936_270.32_8]"	0.995080108497981	0.0351724761454443	-0.0701628184897367
4705	"catechin_[4705_291.09_2.6]"	0.994032749938153	0.0530383359876642	-0.0247577225582207
1655	"tyrosine_[1655_182.08_1.5]"	0.991760767722454	0.0692576517621904	-0.0320739572439737
2069	"NA_[2069_744.58_10.4]"	0.98956797975689	0.0851924291288544	-0.0399137353644178
3659	"NA_[3659_280.26_8.9]"	0.989270787992525	0.0607933982736652	-0.0586872836014081
4766	"4-hydroxy-3-methoxycinnamoylagmatine_[4766_307.18_2.3]"	0.988420695508812	0.0377032726441213	-0.0596418470342709
5393	"NA_[5393_279.14_2.3]"	0.987043404721198	0.0132597830004165	-0.0552673279505085
4394	"NA_[4394_238.11_3.3]"	0.986107408666702	0.0887918150005953	-0.0669754137317676
4200	"Valyl-Proline_[4200_215.14_1.6]"	0.985818164923101	0.0862212663841348	-0.0475711309557717
4136	"NA_[4136_233.13_2.3]"	0.984542664751194	0.0392961019650448	-0.00851476189203428
3187	"NA_[3187_296.29_9.7]"	0.983376573308273	0.0907891589893158	-0.0460163834493926
5645	"N-(4-aminobutyl)-3-(4-hydroxyphenyl)propanimidic acid_[5645_219.15_2.9]"	0.983019247812535	0.0796072558998921	-0.0500301956492202
956	"asparagine_[956_133.06_0.6]"	0.979342705979016	0.0113852911792508	-0.0512006831589252
2555	"hexadecanamide_[2555_256.26_9.2]"	0.979194698377753	0.0903502872755941	-0.0432982290452363
4593	"methionine S-oxide_[4593_166.05_0.6]"	0.978987340105592	0.0850811826063716	-0.0412531831560484
4547	"caffeic acid_[4547_163.04_2.3]"	0.977470696731972	0.0810618425291065	-0.0199562510822891
4671	"caffeic acid_[4671_163.04_2.1]"	0.976415688929633	0.0695864915206594	-0.00379879867876694
1241	"NA_[1241_314.14_3.8]"	0.972434707327369	0.0638014492087544	0.00310470712791096
4839	"NA_[4839_213.12_1]"	0.971676986117417	0.0876008700768669	-0.0465820218541616
1069	"NA_[1069_256.08_0.6]"	0.970134036896877	0.086964008172555	-0.0602536698027628
320	"2-(6-aminopurin-9-yl)-5-(hydroxymethyl)oxolane-3,4-diol_[320_250.09_1.5]"	0.970041627260777	0.0778871739170227	-0.0104072192424747
134	"NA_[134_382.13_3.2]"	0.969665290931531	0.0612525321488751	0.00580605834971998
3236	"NA_[3236_296.07_1.4]"	0.969418388955395	0.0894721934336472	-0.0447784976746636
5223	"N,N,N-Trimethyllysine_[5223_189.16_0.6]"	0.969276512209908	0.0597425994587111	-0.0672600747523289
4805	"2-Methyl-4-carboxy-3,4,5,6-tetrahydropyrimidine_[4805_143.08_0.6]"	0.968478391736393	0.0803487979164359	-0.0462629803906895
4107	"NA_[4107_316.25_5.3]"	0.96829369715974	0.00194429257214878	-0.0155214852810594
4243	"NA_[4243_669.17_3.2]"	0.967487204809734	0.0598220265334567	-0.0573413853570657
75	"gamma-glutamylphenylalanine_[75_295.13_2.3]"	0.965476944441259	0.0460958823605962	-0.045589303901755
318	"NA_[318_314.14_4]"	0.963385029922415	0.0620533326888873	0.00521665840831108
3535	"8-amino-7-oxononanoic acid_[3535_170.12_2.9]"	0.962938796542801	0.0872979500242865	-0.0394519554272884
5234	"NA_[5234_515.32_7.4]"	0.95644229555709	-0.000565466829830965	-0.0436251063704774
4802	"caffeic acid_[4802_181.05_2.1]"	0.952407168649651	0.0795557142285438	-0.017460856498965
4347	"catechin_[4347_291.09_2.3]"	0.947658866042848	0.0465200434687834	-0.0075385312651566
5195	"dopamine_[5195_154.09_1.5]"	0.945812325540497	0.0618487289058263	0.00454494740234059
5622	"NA_[5622_335.26_7.4]"	0.944816383327817	0.00649804764833903	-0.0477371319423785
2507	"NA_[2507_294.24_6.9]"	0.944807010230697	0.0833413415302705	-0.0403103773505302
3791	"NA_[3791_353.27_7.4]"	0.944029079129574	-0.00209497076523127	-0.0424015590009726
3095	"NA_[3095_497.31_7.4]"	0.942349288037045	-0.00331559798795076	-0.041399483510921
3355	"phosphocholine_[3355_184.07_0.6]"	0.942010508755966	0.00556201976629791	-0.049346973607972
2229	"NA_[2229_321.16_2.3]"	0.937100753231404	0.0830982701622714	-0.0525529218241515
247	"NA_[247_292.26_5.3]"	0.93563708754304	0.0590239017681272	0.00669178606879525
628	"hydroxytyrosol_[628_137.06_0.8]"	0.935312698981151	0.0616593484977996	0.00519607331126962
1254	"NA_[1254_373.11_2.9]"	0.933949250808579	0.0768343778709673	-0.0674338356238506
523	"NA_[523_243.21_4]"	0.932872440486725	0.0290213184936956	-0.0579913049657599
1991	"NA_[1991_336.29_7]"	0.932765960461148	0.0755398120358499	-0.0395421728916733
591	"NA_[591_280.14_0.7]"	0.932636508188271	0.0712779257340247	-0.0241708858595754
5277	"NA_[5277_278.25_6.7]"	0.931841029977037	0.0244064977239601	-0.0727365318192868
4451	"NA_[4451_229.15_1.8]"	0.929724195388645	0.0717117765529363	-0.0310943657135129
4901	"NA_[4901_384.14_4.4]"	0.928770780047582	0.0593674897442465	0.00649057229357801
4989	"2-(3,4-dihydroxyphenyl)-5,7-dihydroxy-3-[[3,4,5-trihydroxy-6-[(3,4,5-trihydroxy-6-methyl-2-oxanyl)oxymethyl]-2-oxanyl]oxy]-1-benzopyran-4-one_[4989_611.16_3]"	0.926427801524438	0.0854642370805979	-0.0396521743292071
3859	"NA_[3859_368.11_3.1]"	0.924847202941993	0.0593176668343929	0.00666990375853947
3973	"NA_[3973_226.22_5.3]"	0.923961111907355	0.0347131810112954	-0.0761432312594865
5062	"NA_[5062_309.21_5.6]"	0.92392686229962	0.0827519633337999	-0.0538588991669737
5505	"3-aminoadipic acid_[5505_162.08_0.7]"	0.923232718861899	0.0820074225685625	-0.0413241091280826
4420	"NA_[4420_658.23_3]"	0.923193346933165	0.0849812408616335	-0.0221699100867969
4577	"NA_[4577_353.27_6.8]"	0.920856917758196	0.0167231369323811	-0.0517919610638821
3041	"NA_[3041_171.11_1.7]"	0.919335620603568	0.0772183310550463	-0.0392403033225904
4437	"N-(4-Aminobutyl)-3-(3,4-dihydroxyphenyl)prop-2-enamide_[4437_251.14_1.9]"	0.919224611997901	0.0695146837718749	-0.0127561121917718
4055	"histidine_[4055_156.08_1.5]"	0.917812650582375	0.0434932048840279	-0.0700005924505654
2248	"NA_[2248_252.23_6.3]"	0.917440394797379	0.020816554730878	-0.067882308557562
587	"NA_[587_229.15_2.1]"	0.917363671684911	0.0757711225394156	-0.0394576301406475
1928	"NA_[1928_352.16_3]"	0.916869183934859	0.0831233996602704	-0.0505161418906575
5414	"NA_[5414_186.11_3]"	0.913709316003744	0.0791271905722521	-0.0618336677114135
3915	"NA_[3915_537.21_2.9]"	0.91344739042821	0.0796382007010954	-0.0502981722093504
2721	"caffeic acid_[2721_163.04_2.3]"	0.911633853854367	0.081170561787263	-0.0257630763457957
4563	"2-amino-9-[3,4-dihydroxy-5-(hydroxymethyl)oxolan-2-yl]-3H-purin-6-one_[4563_284.1_1.1]"	0.909891288742145	0.0816627539436798	-0.05051011151989
4247	"NA_[4247_215.09_0.5]"	0.907599754026599	0.0837974279409216	-0.0538671224676367
4413	"NA_[4413_599.16_2.3]"	0.906664919795596	0.0614195421804548	-0.0578055108083355
4662	"NA_[4662_386.12_4]"	0.905684217881125	0.0583847279880723	0.00675100599365275
5631	"NA_[5631_180.1_1.7]"	0.905105472743715	0.0588081968658121	0.00624135796478396
3940	"N-methylnicotinic acid_[3940_138.06_0.7]"	0.901581368025956	0.0826088179634001	-0.0327405068155515
5015	"2-(6-aminopurin-9-yl)-5-(hydroxymethyl)oxolane-3,4-diol_[5015_268.1_1.1]"	0.900124772613423	0.0733934122549732	-0.048244400706056
3259	"NA_[3259_218.14_3.1]"	0.899583365837415	0.051133186340959	-0.0145621179298649
4128	"NA_[4128_361.05_2.9]"	0.896524543498794	0.0577095169655322	0.00694157246502805
421	"N-(6-aminohexanoyl)-6-aminohexanoic acid_[421_227.18_2]"	0.896368417506142	0.00572973552268577	-0.0250950892363816
1153	"caffeic acid_[1153_181.05_2.7]"	0.895859485397911	0.0672931853685868	-0.00354899094020557
2054	"pantothenic acid_[2054_220.12_1.9]"	0.894869349033849	0.0629507915168301	-0.0259827173002692
1424	"myricetin_[1424_319.04_2.7]"	0.894605566445505	0.0583752402256575	0.00651410320683342
5322	"NA_[5322_163.07_0.6]"	0.894600448908978	0.0430673582020452	-0.00796347969387381
3995	"NA_[3995_314.14_3.1]"	0.893448999864227	0.0577632007735316	0.00633703106824478
515	"NA_[515_368.11_4]"	0.893448883790506	0.0578981433872555	0.00685826819468573
3152	"NA_[3152_304.18_5.7]"	0.891724378617483	0.0605412493465918	-0.0601274721155521
4416	"lombricine_[4416_271.08_0.7]"	0.891675996458686	0.0822075363672343	-0.0578904367669889
607	"NA_[607_309.21_6]"	0.891565211864756	0.0761048640132412	-0.0486717361982277
3220	"NA_[3220_394.24_4.2]"	0.89154435044609	0.0122948795702187	-0.0460705295401676
497	"NA_[497_702.47_9.1]"	0.890611710241875	0.0393416933069458	-0.0665513922901978
570	"NA_[570_406.24_3]"	0.889919144998638	0.0783868279638381	-0.0681681824093214
819	"p-coumaroylagmatine_[819_277.17_2.4]"	0.888640320245973	0.00184989264483429	-0.045098397906165
532	"NA_[532_328.14_1.6]"	0.887385880160204	0.0630555582008225	-0.0203419593129535
3425	"NA_[3425_229.15_2]"	0.885592806760303	0.0756334201584222	-0.0396932641225201
173	"NA_[173_338.14_6.8]"	0.884125934970219	0.0581036692108896	0.00671450173663304
4330	"NA_[4330_270.28_9.6]"	0.883452158852112	0.0720549342651096	-0.0609810394692618
540	"caffeic acid_[540_163.04_2.7]"	0.881164118853066	0.0624736195252237	0.000937635501195174
5329	"NA_[5329_399.18_2.4]"	0.880354560683873	0.0276073058444752	-0.05304518062059
3980	"Alkaloid RC_[3980_532.18_2.4]"	0.880303223833219	0.0571658974854624	0.00702592143605191
5063	"Quercetin-3-o-vicianoside_[5063_597.14_2.8]"	0.879899856793559	0.0574102686804085	0.00681258296929198
794	"3',4',5'-Trimethoxytricetin 7-[rhamnosyl-(1->6)-glucoside]_[794_653.21_4.1]"	0.877791632385678	0.0784435792968515	-0.055770656610803
4924	"guanine_[4924_152.06_1.2]"	0.877126220884305	0.075785702985451	-0.0430724951475795
4470	"lysine_[4470_147.11_0.5]"	0.876163300809064	0.0795079029797677	-0.0481679746412925
4473	"adenine_[4473_136.06_0.7]"	0.873764943618699	0.0733972815681516	-0.0415825066022294
112	"NA_[112_611.16_2.5]"	0.87349666744455	0.0712520231006068	-0.0706182733065921
1682	"naringenin_[1682_273.08_4.5]"	0.872576952398805	0.0624058225914503	-0.000107614663260075
1563	"NA_[1563_175.14_0.6]"	0.872377063202428	0.0747353613119876	-0.0639499633832033
4987	"NA_[4987_381.18_3.8]"	0.871972781874262	-0.00907623209860061	-0.0389571488830044
845	"NA_[845_724.3_3.2]"	0.871712741566207	0.0756201020367518	-0.0417075460150811
3250	"glutamic acid_[3250_148.06_0.6]"	0.871308145398135	0.0392348646470402	-0.0510756593943894
5475	"NA_[5475_535.14_3]"	0.870820675310157	0.0661412278315443	-0.0340274264350329
3080	"NA_[3080_382.14_6.9]"	0.868732997733522	0.0444731527609943	-0.00610303432621414
2612	"palmitoyl ethanolamide_[2612_300.29_8.9]"	0.868438915100378	0.0760525463121545	-0.0425798287606971
4917	"NA_[4917_386.12_3]"	0.86752632329837	0.0569316669048924	0.00702388710757592
4638	"NA_[4638_478.29_7.5]"	0.866477886756481	0.0495908634133309	-0.0597446792135364
4605	"caffeic acid_[4605_163.04_2.9]"	0.86516820966962	0.0611326044831649	0.00224092683900941
351	"NA_[351_372.13_2.6]"	0.862948948449485	0.0796539192990502	-0.0384980388516702
3379	"N-(4-Aminobutyl)-3-(3,4-dihydroxyphenyl)prop-2-enamide_[3379_251.14_1.8]"	0.862769756830435	0.0605208821452459	-0.000334340576134023
2870	"NA_[2870_455.13_4.2]"	0.861866753194601	0.0588999424419909	0.00298600706381977
4733	"NA_[4733_383.1_2.2]"	0.860820098089723	0.0567354895217946	0.00696209245099849
1379	"NA_[1379_499.29_2.2]"	0.858562910639701	-0.0151024884955733	-0.0320174023049328
1982	"NA_[1982_230.1_0.7]"	0.858562910639701	-0.0151024884955733	-0.0320174023049328
5620	"N-(4-Aminobutyl)-3-(3,4-dihydroxyphenyl)prop-2-enamide_[5620_251.14_1.6]"	0.857291120061297	0.0572788391760002	0.00597941873338022
4905	"NA_[4905_338.2_3.7]"	0.857028445621894	0.0462145667728259	-0.00872226312354
600	"ACar 13:0_[600_358.3_6.4]"	0.854754850837922	0.0702039650025412	-0.0687356902376577
1065	"NA_[1065_324.29_8.5]"	0.853455162207601	0.0755963198768742	-0.0355020127246365
2965	"NA_[2965_374.29_5.5]"	0.851139913373406	0.0769302157149697	-0.043061995614793
3604	"NA_[3604_610.27_3.3]"	0.850766780931191	0.0674642550856327	-0.0668701066978268
4694	"phenylethanolamine_[4694_120.08_1.6]"	0.850331501354091	0.0692287850259165	-0.0385956508122645
2758	"2-Hydroxy-4,7-dimethoxy-2H-1,4-benzoxazin-3(4H)-one_[2758_226.07_2.7]"	0.849590002624835	-0.012528007892354	-0.0341368343031123
393	"NA_[393_251.16_0.5]"	0.848948266396026	0.0740704590655559	-0.0314565357816741
1744	"NA_[1744_623.16_2.8]"	0.848915644914062	0.0560927304283322	0.00724882744987535
4558	"NA_[4558_455.13_4.5]"	0.848264587426061	0.0561776926646917	0.00721778294923464
4925	"L-Glutathione (reduced)_[4925_308.09_1.6]"	0.848045195454625	-0.0147537762680801	-0.0321524374030801
3003	"sulfometuron methyl_[3003_387.07_3.5]"	0.847682990813761	0.0544734540326087	-0.0642269683264275
4157	"lombricine_[4157_271.08_1.4]"	0.847515261312115	0.0730515405789832	-0.059973287637252
4038	"epinine_[4038_168.1_1]"	0.845996741528542	0.0565484319565449	0.00700072245154684
5651	"NA_[5651_289.09_0.7]"	0.84521517650661	0.051189473498876	-0.0634595398395396
249	"NA_[249_343.3_5.8]"	0.842294039295343	-0.0126616312541227	-0.0321548164055525
4631	"salicylic acid_[4631_139.04_2.2]"	0.841980065026598	0.077488796367423	-0.0530745806580559
107	"1-isothiocyanato-6-(methylsulfinyl)hexane_[107_206.07_4.4]"	0.840999816323074	0.0774034529430255	-0.0472694255788079
5053	"hydroxytyrosol_[5053_137.06_1.8]"	0.839466513365232	0.0594628236527738	0.00203709179431877
449	"NA_[449_240.23_5.6]"	0.838928396419765	0.0470017940636128	-0.0559627651284188
2367	"3-(4-hydroxyphenyl)lactic acid_[2367_165.05_0.9]"	0.83819405194831	0.0704406245622547	-0.0375099415692646
5146	"L-Glutathione (reduced)_[5146_308.09_0.8]"	0.837282749244738	-0.00757806062006151	-0.0386751640577701
2292	"NA_[2292_236.11_4]"	0.835990433889967	0.0272629880824764	-0.0104093987329164
4524	"NA_[4524_356.21_3.7]"	0.835780687152141	0.0406863857298241	-0.00721664492454708
5269	"NA_[5269_683.15_2.9]"	0.833452000042993	0.0556932599295669	0.00724629869002449
3490	"tyrosine_[3490_182.08_1.6]"	0.831805177268769	0.0655158584336956	-0.0334502730206125
5641	"3-(4-hydroxyphenyl)lactic acid_[5641_165.05_0.9]"	0.831731569667195	0.0695374735827549	-0.0368536309196991
4317	"NA_[4317_281.11_2.1]"	0.830333193816374	0.0697019320816007	-0.035312181910065
2608	"NA_[2608_400.14_2.9]"	0.830038659275002	0.055492028682079	0.00736544263078503
5411	"3-Methyl-2-[[2,3,4-trihydroxy-5-(hydroxymethyl)oxolan-2-yl]methylamino]pentanoic acid_[5411_294.15_1.2]"	0.829944900333185	0.0656757163022154	-0.0249795856136577
2668	"NA_[2668_470.23_2.6]"	0.828498582616024	0.0554347248253511	0.00724398456699786
1419	"phenylalanine_[1419_166.09_1.6]"	0.82799285359106	0.0692742324394311	-0.0396381384583947
5391	"dopamine_[5391_154.09_0.8]"	0.827978016593784	0.0567048715935321	0.00491809320989445
3073	"phenylalanine_[3073_166.09_1.8]"	0.827800859403982	0.0598160253796307	-0.0289713023423535
2952	"2-hydroxy-4-(methylthio)butanoic acid_[2952_133.03_0.8]"	0.825334525893278	0.0745400907670054	-0.0596022935832933
467	"NA_[467_294.24_7.1]"	0.823522676391945	0.0759426675173344	-0.0439571002743384
3241	"NA_[3241_579.17_3.1]"	0.823417045817562	0.0273444025777353	-0.0104166623354035
937	"guanine_[937_152.06_0.7]"	0.823094401750587	0.0757108995740572	-0.045151865207772
1168	"NA_[1168_698.16_2.9]"	0.822972772841198	0.0552632302744384	0.00735061682478129
4823	"NA_[4823_309.16_1.7]"	0.82268493544766	0.0152225221893457	-0.0391818714170297
4478	"NA_[4478_163.07_1.4]"	0.82111980584008	0.0401778690443448	-0.00695441443767939
1812	"NA_[1812_278.25_8.3]"	0.820935010985141	0.0749899065882466	-0.0565252577632205
5419	"NA_[5419_600.32_8]"	0.81956269644489	0.0560465082823818	0.0062485776774124
4445	"histidine_[4445_156.08_1.3]"	0.819262535563873	0.0579059357086278	-0.0755896790999906
531	"NA_[531_334.15_1.8]"	0.81921503585432	0.0559167872240013	0.00571223664958992
3116	"NA_[3116_283.07_1.4]"	0.819055166304931	0.0402714493761241	-0.00726405908156325
1439	"NA_[1439_435.09_3.3]"	0.818749572587306	0.0550735792686715	0.00737855836569229
1407	"arginine_[1407_175.12_1.5]"	0.81817205318055	0.0695964245684792	-0.0416154007743895
3673	"NA_[3673_280.26_7.3]"	0.817668427336158	0.0245843738925742	-0.0637731359036888
317	"NA_[317_361.05_3]"	0.816310010362848	0.0250091361528863	-0.00475274971240614
3737	"NA_[3737_428.15_2.2]"	0.816310010362848	0.0250091361528863	-0.00475274971240614
4791	"Camelinin_[4791_262.13_6.4]"	0.816310010362848	0.0250091361528863	-0.00475274971240614
847	"NA_[847_401.13_3.3]"	0.816310010362848	0.0250091361528863	-0.00475274971240614
3072	"NA_[3072_364.28_4.2]"	0.816299152491708	0.0549844455135856	0.00741307446354403
3342	"canadine_[3342_340.15_3.5]"	0.816297160017139	0.0549723626033212	0.00746174275512853
5089	"NA_[5089_457.2_3.6]"	0.814562136639313	0.0303224662372808	-0.0468915861356137
2741	"glycyl-DL-phenylalanine_[2741_223.11_2]"	0.814017814079515	0.0616166782134671	-0.0288950340252832
488	"NA_[488_311.16_2.2]"	0.811660532670843	0.0634841886263813	-0.0617974171137703
1567	"NA_[1567_549.25_1.9]"	0.811515938818866	0.0265129673801908	-0.0102668643944533
1896	"NA_[1896_533.09_3.5]"	0.811515938818866	0.0265129673801908	-0.0102668643944533
219	"1-cyano-8-(methylsulfinyl)octane_[219_202.13_3.8]"	0.811515938818866	0.0265129673801908	-0.0102668643944533
236	"NA_[236_210.06_2.6]"	0.811515938818866	0.0265129673801908	-0.0102668643944533
2514	"2-[3-(4-Hydroxy-3,5-dimethoxyphenyl)prop-2-enoyloxy]butanedioic acid_[2514_363.07_3.3]"	0.811515938818866	0.0265129673801908	-0.0102668643944533
3650	"NA_[3650_768.59_10.6]"	0.811515938818866	0.0265129673801908	-0.0102668643944533
3831	"NA_[3831_469.28_6.6]"	0.811515938818866	0.0265129673801908	-0.0102668643944533
4174	"NA_[4174_496.34_7.6]"	0.811515938818866	0.0265129673801908	-0.0102668643944533
436	"NA_[436_465.14_3.1]"	0.811515938818866	0.0265129673801908	-0.0102668643944533
445	"1-isothiocyanato-7-(methylsulfinyl)heptane_[445_220.08_4.9]"	0.811515938818866	0.0265129673801908	-0.0102668643944533
4498	"NA_[4498_744.59_10.6]"	0.811515938818866	0.0265129673801908	-0.0102668643944533
5002	"[3-carboxy-2-(1-oxohexadecoxy)propyl]-trimethylammonium_[5002_400.34_7.6]"	0.811515938818866	0.0265129673801908	-0.0102668643944533
518	"1-cyano-8-(methylsulfinyl)heptane_[518_188.11_3.2]"	0.811515938818866	0.0265129673801908	-0.0102668643944533
662	"NA_[662_744.59_10.7]"	0.811515938818866	0.0265129673801908	-0.0102668643944533
766	"thioproline_[766_134.03_0.9]"	0.811515938818866	0.0265129673801908	-0.0102668643944533
830	"8-(methylsulfinyl)octylamine_[830_192.14_1.9]"	0.811515938818866	0.0265129673801908	-0.0102668643944533
928	"NA_[928_744.59_11]"	0.811515938818866	0.0265129673801908	-0.0102668643944533
2567	"NA_[2567_377.15_2.6]"	0.811498319423282	0.0725291694564995	-0.0537719036520735
366	"sinapine_[366_310.16_2.6]"	0.810862595169116	0.0265660814310547	-0.0103134157787787
2541	"NA_[2541_258.11_1.5]"	0.810129583114663	0.0690857171518439	-0.0579078527226696
1174	"N-(4-aminobutyl)-3-(3,4-dihydroxyphenyl)propanimidic acid_[1174_253.15_1.5]"	0.809842949269824	0.0547492917248073	0.00750413526509857
2446	"NA_[2446_483.15_3.1]"	0.809842949269824	0.0547492917248073	0.00750413526509857
2506	"NA_[2506_446.13_2.5]"	0.809842949269824	0.0547492917248073	0.00750413526509857
260	"NA_[260_362.14_2.3]"	0.809842949269824	0.0547492917248073	0.00750413526509857
2673	"NA_[2673_328.32_7.2]"	0.809842949269824	0.0547492917248073	0.00750413526509857
2757	"NA_[2757_265.11_2.1]"	0.809842949269824	0.0547492917248073	0.00750413526509857
2823	"NA_[2823_400.14_3.2]"	0.809842949269824	0.0547492917248073	0.00750413526509857
2879	"NA_[2879_314.09_2.1]"	0.809842949269824	0.0547492917248073	0.00750413526509857
2928	"hordenine_[2928_166.12_1.3]"	0.809842949269824	0.0547492917248073	0.00750413526509857
2992	"6,7-dimethoxy-3-(4-methoxy-6-methyl-7,8-dihydro-5H-[1,3]dioxolo[4,5-g]isoquinolin-5-yl)-3H-isobenzofuran-1-one_[2992_396.14_3.6]"	0.809842949269824	0.0547492917248073	0.00750413526509857
3017	"NA_[3017_476.19_3.2]"	0.809842949269824	0.0547492917248073	0.00750413526509857
3117	"NA_[3117_413.19_1.6]"	0.809842949269824	0.0547492917248073	0.00750413526509857
3272	"NA_[3272_308.2_1.5]"	0.809842949269824	0.0547492917248073	0.00750413526509857
3336	"NA_[3336_361.05_3.3]"	0.809842949269824	0.0547492917248073	0.00750413526509857
3547	"feruloyl-3-methoxytyramine glycoside_[3547_506.2_3.3]"	0.809842949269824	0.0547492917248073	0.00750413526509857
3561	"NA_[3561_402.15_2.8]"	0.809842949269824	0.0547492917248073	0.00750413526509857
4101	"NA_[4101_422.11_2.5]"	0.809842949269824	0.0547492917248073	0.00750413526509857
4583	"NA_[4583_534.2_2]"	0.809842949269824	0.0547492917248073	0.00750413526509857
4713	"NA_[4713_408.11_3]"	0.809842949269824	0.0547492917248073	0.00750413526509857
529	"trans-Cinnamoyl b-D-glucoside_[529_311.11_1.7]"	0.809842949269824	0.0547492917248073	0.00750413526509857
5308	"N-cis-Caffeoyltyramine_[5308_300.12_3.3]"	0.809842949269824	0.0547492917248073	0.00750413526509857
5595	"NA_[5595_666.33_4]"	0.809842949269824	0.0547492917248073	0.00750413526509857
3812	"NA_[3812_259.16_3.5]"	0.809739534688603	0.0551218719208002	0.00711004208620918
5523	"methionine_[5523_150.06_0.8]"	0.809489327896735	0.07372451692412	-0.0579563917127712
1512	"7,9-dihydro-1H-purine-2,6,8(3H)-trione_[1512_169.04_1.5]"	0.808249696569656	0.0636397703259514	-0.0402137068279104
2931	"pyributicarb_[2931_331.15_4.6]"	0.808231258678572	0.0670436596206332	-0.0200719089259338
3058	"tryptophol_[3058_144.08_2.4]"	0.807699850133511	0.0654353904647845	-0.019249243108135
4483	"NA_[4483_458.13_3]"	0.807472248236365	0.0547564630387494	0.00744688593678627
4050	"NA_[4050_496.34_7.7]"	0.807448308028183	0.072979524175211	-0.040560007259055
709	"NA_[709_258.11_3.4]"	0.806451161840845	0.0655779984346017	-0.0514641666571512
3550	"NA_[3550_538.39_9.1]"	0.805584939143014	-0.0105902358939912	-0.0313989366991536
5029	"NA_[5029_321.19_2.4]"	0.805312821607008	0.0356081931184875	-0.0559389435084826
1680	"NA_[1680_669.17_3.4]"	0.803816129195572	0.0575405338592161	-0.0498108329259882
2467	"NA_[2467_584.28_4.3]"	0.803196541616575	0.0284887501732434	-0.00600220659869781
3994	"NA_[3994_322.27_7.9]"	0.802919750143153	0.0696873020636864	-0.0355723582926173
1198	"NA_[1198_326.31_9.1]"	0.802793809498621	0.0649702249224585	-0.037083791358792
1079	"7,9-dihydro-1H-purine-2,6,8(3H)-trione_[1079_169.04_0.7]"	0.802405087952327	0.059063877226135	-0.0488713625307519
3625	"glutamic acid_[3625_148.06_1.4]"	0.800113684949441	0.0452739469996574	-0.0551859252152586
4596	"arginine_[4596_175.12_1.4]"	0.797693266570568	0.0674707071221026	-0.0404212291698256
5022	"NA_[5022_498.26_3.2]"	0.797411427180481	0.0561469324111185	0.00445277030624755
1412	"NA_[1412_499.15_2.7]"	0.795669831967724	0.0609951657073058	0.00188136546765704
3136	"NA_[3136_490.18_0.6]"	0.792417520122712	0.0167100771898866	-0.0443524529387949
1061	"Serinyl-Phenylalanine_[1061_253.12_2]"	0.792163509094847	0.0582334728077573	-0.0274060614938968
4773	"N-acetyldopamine_[4773_196.1_2.1]"	0.791862429450824	0.0730186300164795	-0.0265786583596832
4822	"tyrosine_[4822_182.08_0.9]"	0.790445884196472	0.0677124468704427	-0.0380450717312894
2516	"NA_[2516_440.18_3.7]"	0.789658522546484	0.0391891340115869	-0.00676651469920547
2574	"NA_[2574_421.41_11]"	0.789658522546484	0.0391891340115869	-0.00676651469920547
3209	"NA_[3209_564.34_5]"	0.789658522546484	0.0391891340115869	-0.00676651469920547
3213	"NA_[3213_483.3_2.9]"	0.789658522546484	0.0391891340115869	-0.00676651469920547
4377	"NA_[4377_367.15_3.1]"	0.789658522546484	0.0391891340115869	-0.00676651469920547
4556	"NA_[4556_254.16_1.4]"	0.789658522546484	0.0391891340115869	-0.00676651469920547
4592	"NA_[4592_325.14_2.3]"	0.789658522546484	0.0391891340115869	-0.00676651469920547
4633	"NA_[4633_354.19_3.9]"	0.789658522546484	0.0391891340115869	-0.00676651469920547
466	"NA_[466_532.37_9]"	0.789658522546484	0.0391891340115869	-0.00676651469920547
703	"NA_[703_366.26_5.7]"	0.789658522546484	0.0391891340115869	-0.00676651469920547
742	"NA_[742_266.1_2.9]"	0.789658522546484	0.0391891340115869	-0.00676651469920547
3544	"NA_[3544_394.24_2.4]"	0.789572978109449	0.0322104832646346	-0.0559951608285665
5090	"hydroxytyrosol_[5090_137.06_1.2]"	0.788392211992606	0.0690983455525611	-0.0115438845613464
4960	"NA_[4960_204.12_1.1]"	0.788346272143973	0.0575193518898925	-0.0655354640498726
1793	"NA_[1793_328.25_5.3]"	0.788113166517775	0.0571785148698209	-0.0453140364382819
1208	"NA_[1208_309.17_5.8]"	0.786428360088896	0.0692920865890004	-0.0393341632352465
2191	"alpha-CEHC_[2191_261.15_7.1]"	0.785622435480015	0.00188080465702873	-0.0403772536208085
5211	"NA_[5211_189.12_1.8]"	0.782830339369128	0.0642153397196258	-0.0316900229814339
1543	"hydroxytyrosol_[1543_137.06_1.6]"	0.782584334229454	0.0663347862184849	-0.0138319390324691
1783	"phosphocholine_[1783_222.03_0.6]"	0.779893125672708	0.0693501736462458	-0.0718490933749405
4418	"N-methyltryptamine_[4418_175.12_2.4]"	0.77880881934209	0.0620086087666258	-0.0101139097712554
504	"h-gamma-Glu-leu-oh_[504_261.14_2.1]"	0.777868079144014	0.0657698702246784	-0.0462294896513024
2261	"Alline_[2261_191.12_1.8]"	0.776317884297706	0.0602812630899968	-0.0072371582328519
5167	"pantothenic acid_[5167_220.12_1.7]"	0.775745945768163	0.069616984655113	-0.0363987759000828
294	"8-(methylsulfinyl)octyl isothiocyanate_[294_234.1_5.5]"	0.773840546270529	0.0275248595186809	-0.0118714061688229
5240	"NA_[5240_234.13_2.2]"	0.773111740763722	0.0708973953885036	-0.0486243221442669
5466	"NA_[5466_493.28_6.7]"	0.772446892246819	0.0282229971910685	-0.0364484522449953
5602	"NA_[5602_265.15_2.2]"	0.772407685758574	0.033531014999857	-0.0605413950104264
3019	"NA_[3019_259.21_9]"	0.769906778509184	0.0702421697382292	-0.0409158777145195
2193	"NA_[2193_258.11_1.4]"	0.768744974350634	0.0660397735084113	-0.0581511799404944
2245	"NA_[2245_330.26_5.5]"	0.768028200120359	0.0684506358179927	-0.0474570236624053
3602	"NA_[3602_353.15_3.8]"	0.76482441170446	0.00975533230500099	-0.0451712555244226
3666	"NA_[3666_204.12_1.6]"	0.764216756995082	0.0610230952727586	-0.0331497418158696
912	"NA_[912_258.11_0.6]"	0.762448845452735	0.0628378563973482	-0.0540983922513954
5517	"NA_[5517_293.16_2.1]"	0.761877234877637	0.00501477611578511	-0.043867849893091
1182	"sinapic acid_[1182_207.07_3.2]"	0.761790918963729	0.0703387964513199	-0.0489956563942914
5482	"NA_[5482_295.16_2.3]"	0.761637628407407	0.0446471327116001	-0.0153271275460946
1933	"NA_[1933_481.13_2.7]"	0.761160867800775	0.062101709708215	-0.0187549588202433
509	"NA_[509_312.22_4.5]"	0.758311872611359	0.0542611315937312	-0.0488622423782783
3850	"NA_[3850_386.12_2.6]"	0.757192897554267	0.0685202943148403	-0.0201607911948178
347	"NA_[347_233.15_1.8]"	0.756940125983489	0.0581729880210354	-0.0279533077530101
2801	"NA_[2801_318.18_3]"	0.75565591403943	0.0647111739612015	-0.0365288185526794
2546	"NA_[2546_353.27_8.4]"	0.750761448191206	0.0689330259490315	-0.0380284020487687
4214	"Arphamenine B_[4214_337.19_2.3]"	0.748646003667949	0.0125451237758554	-0.0415350268680381
3333	"NA_[3333_356.21_4]"	0.747740723809372	0.0442852150693177	-0.0134401272647712
922	"gamma-L-Glutamyl-L-valine_[922_247.13_1.5]"	0.747418059331727	0.0628561513908717	-0.0449012913390749
2536	"NA_[2536_475.18_0.6]"	0.744938450960428	-0.00102754750336793	-0.0390957822849439
2617	"n-Dimethylarginine_[2617_203.15_0.6]"	0.743417434116353	0.0671517618691947	-0.0482817423255835
4037	"NA_[4037_186.11_2.6]"	0.742873699728276	0.0379609209851963	-0.0435908315479537
5284	"N-Acetylvanilalanine_[5284_254.1_2.5]"	0.741219082846953	0.0650046961453786	-0.0365384561529731
3557	"lombricine_[3557_271.08_1.4]"	0.739618920154692	0.066527745622239	-0.0533708691595191
5380	"arginine_[5380_175.12_0.6]"	0.739133278115702	0.0677486633968275	-0.0456479379913719
5557	"NA_[5557_323.17_1.9]"	0.738257457730853	-0.00860051291649609	-0.0331400531222918
5413	"agmatine_[5413_131.13_1.5]"	0.736737790345409	0.0656031644759265	-0.0476330193171938
2424	"NA_[2424_293.16_1.9]"	0.734045284572927	0.0522599246050354	-0.0496971366718459
480	"N-methylnicotinic acid_[480_138.06_1.6]"	0.73258025128157	0.0621892329356015	-0.012943801523056
3454	"NA_[3454_469.24_4.8]"	0.73212353427971	0.0675984222339606	-0.0164890292912466
3405	"NA_[3405_265.15_2.5]"	0.730422415509896	0.0550804881396846	-0.0280522950591864
3768	"NA_[3768_278.25_6.8]"	0.730373866630958	0.0357570587246435	-0.0676953851159825
5531	"NA_[5531_548.37_8.3]"	0.730322671161401	0.0367688577674044	-0.0527332107995887
460	"NA_[460_219.13_1.7]"	0.729719988861539	0.0609400741128275	-0.0343995725814353
2476	"NA_[2476_240.23_6.6]"	0.729289204807168	0.0157468108006933	-0.0530238961472126
4816	"alpha-CEHC_[4816_261.15_6.9]"	0.727906120344135	0.0423310427236752	-0.0510046864131567
2382	"NA_[2382_465.26_7.9]"	0.72379736078923	0.0143253234133282	-0.0283607041438092
4211	"NA_[4211_570.44_5.2]"	0.715367599995875	0.04645085273185	-0.024539219257397
768	"NA_[768_322.18_2.7]"	0.715257210491014	0.0552348510973489	-0.0273897588436348
4672	"NA_[4672_508.38_8.3]"	0.712755059734293	0.0173613046360399	-0.0259776496587964
37	"ACar 14:1_[37_370.3_7.2]"	0.712173939037256	-0.000876877055820818	-0.0378329155144376
1270	"N,N,N-Trimethyllysine_[1270_189.16_1.5]"	0.711883750659088	0.06048428990116	-0.0546849515147
5660	"NA_[5660_291.15_2.1]"	0.7108447764878	0.064866695631302	-0.0520629542869049
2798	"NA_[2798_626.17_3]"	0.710627790013443	0.0244916780042411	-0.0430611850037996
2124	"gabapentin_[2124_172.13_8.5]"	0.709493858595925	0.0648093545330858	-0.0220968453081999
3387	"NA_[3387_455.12_2.5]"	0.709396418884007	0.064309049507326	-0.010786715401124
140	"NA_[140_366.3_8.6]"	0.707447523455649	0.0479684206500034	-0.0340897601303799
285	"naringenin_[285_273.08_3.8]"	0.706898863524176	0.0638605208664743	-0.0444090280971664
1394	"NA_[1394_296.07_0.6]"	0.704148975729399	0.049659994914579	-0.04862788191264
1212	"NA_[1212_357.14_3.2]"	0.702874625642784	0.0511405532504739	-0.0278507196122545
56	"NA_[56_172.17_5]"	0.701691401493712	0.0484869283575445	-0.0305795878164161
4494	"glutamine_[4494_147.08_0.6]"	0.700556859817154	0.048819185704122	-0.0615639382496304
5113	"NA_[5113_492.19_3.2]"	0.69936156527081	0.0428631266349167	-0.01928441375861
3991	"NA_[3991_307.04_1.2]"	0.698265778877195	0.0495675018134335	-0.0352729150648639
380	"H-gamma-Glu-Tyr-OH_[380_311.12_1.6]"	0.696887359524773	0.0635487406617224	-0.03917487752028
477	"tryptamine_[477_161.11_2.3]"	0.693651192537466	0.0254185007674759	-0.0559835916209076
2073	"NA_[2073_372.31_6.9]"	0.686556086777344	0.0401697045217736	-0.0147243186950943
2893	"alanyl-leucine_[2893_203.14_1.8]"	0.686122813547666	0.0518655864461039	-0.0238472594472683
125	"N-(4-Aminobutyl)-3-(4-hydroxyphenyl)prop-2-enamide_[125_235.14_2]"	0.683528729566397	0.0257462780519347	-0.057476935370357
1203	"N-Phenylacetylaspartic acid_[1203_252.09_2.8]"	0.682924337612555	0.0613794766795778	-0.0391343742088875
4585	"9H-xanthine_[4585_153.04_0.8]"	0.682047185843274	0.0303974483244819	-0.0281387748223231
3006	"NA_[3006_295.14_2.5]"	0.681179234797978	0.0557190664530489	-0.0169016306015248
622	"NA_[622_373.22_3.4]"	0.678554200503928	0.0213035748265029	-0.0309514057120793
5471	"NA_[5471_482.36_8.1]"	0.672172820842312	0.0436800003473729	-0.0406082990401938
982	"2-aminooctadecane-1,3-diol_[982_302.31_7.1]"	0.671447290545111	0.0472903691579997	-0.053515114460113
2926	"(+)-N-Acetylmuramic acid_[2926_276.11_1.6]"	0.669229439550043	0.0156763147231491	-0.02091802568716
4265	"h-gamma-Glu-leu-oh_[4265_261.14_2.2]"	0.667735611062533	0.0613785730761317	-0.0386051184954967
4139	"p-coumaroylagmatine_[4139_277.17_2.2]"	0.6677283047677	0.0428849806115545	-0.0472260120134103
127	"NA_[127_510.36_8.3]"	0.667583223187546	0.0591850506097974	-0.0472643234046398
4921	"tryptophan_[4921_227.08_2]"	0.666974398725818	0.0609788027874017	-0.0540251739715036
5000	"NA_[5000_787.21_3.1]"	0.664700758282312	0.059628267990367	-0.0375668177110063
1941	"kynurenine_[1941_209.09_1.5]"	0.662113606911688	0.0602508800106458	-0.0441221810421491
4809	"tryptophan_[4809_205.1_2.1]"	0.661005880293925	0.0601987710527316	-0.0545519178447399
3690	"1-Palmitoyl-2-hydroxy-sn-glycero-3-PE_[3690_454.29_7.8]"	0.659107559279715	0.0459625108315211	-0.0515582654409663
4380	"agmatine_[4380_131.13_0.5]"	0.658345978008629	0.0593688454180358	-0.0459118676501007
2876	"3-(indol-3-yl)lactic acid_[2876_188.07_2.1]"	0.657372520912229	0.060346653565372	-0.0494644560670221
2293	"NA_[2293_326.31_7.1]"	0.654888114724796	0.0583615615206509	-0.00419693249215446
2999	"NA_[2999_707.29_4.1]"	0.654692136919571	0.0340965934886164	-0.050747370682194
3417	"NA_[3417_542.32_7.5]"	0.6545220448481	0.0426411072895375	-0.0444131852361218
4753	"N-Carboxyacetyl-D-phenylalanine_[4753_252.09_3]"	0.654404926557831	0.0603613160272927	-0.0424852165804821
5412	"NA_[5412_212.16_4.5]"	0.650809169819297	0.0474560018202732	-0.0520573741397618
2396	"NA_[2396_217.12_3.2]"	0.648545833573342	0.0256638377523555	-0.00961487365244756
3533	"NA_[3533_294.24_5.6]"	0.64759275277705	0.0588364721885668	-0.0438671485432644
731	"NA_[731_175.14_0.9]"	0.645719639441993	0.0532875521687184	-0.0299973119886931
2602	"3-(indol-3-yl)lactic acid_[2602_188.07_2]"	0.643044452052187	0.0593348442357365	-0.0511350715382471
1229	"NA_[1229_218.1_2.7]"	0.64142965860397	0.0584279994734839	-0.0494997052670295
2091	"NA_[2091_542.19_3.4]"	0.64034874739	0.0583825468240831	-0.00398766000915429
2974	"NA_[2974_281.15_2.1]"	0.639582816263135	0.0470959796318743	-0.0566913275995229
2158	"NA_[2158_219.14_4]"	0.638561733004369	0.055862217857999	-0.0334234843600012
3704	"hexaethylene glycol_[3704_283.18_2.3]"	0.638228333049834	0.0588792965061541	-0.037694167080682
868	"tryptophan_[868_205.1_2]"	0.63723011290026	0.0587631700366461	-0.0504123344048916
1421	"NA_[1421_343.13_2.7]"	0.634159197410208	0.034408220346492	-0.0502911750832712
3103	"gabapentin_[3103_172.13_3.1]"	0.633949196502919	0.0387876163744165	-0.0539604130216276
1963	"NA_[1963_366.19_4.3]"	0.632941955054413	0.0567791460880714	-0.0311850887008578
965	"NA_[965_447.25_8.2]"	0.632231057966451	0.0470200826299348	-0.0584473868337484
3796	"NA_[3796_229.15_1.2]"	0.631971770040871	0.0512303246070938	-0.0361454076312765
590	"NA_[590_610.27_3.1]"	0.625786849969765	0.0458410241609704	-0.0538186219893453
2197	"1-cyano-8-(methylsulfinyl)octane_[2197_202.12_2.4]"	0.623815761405327	0.0524720490809348	-0.0294901774071229
993	"NA_[993_411.19_3.9]"	0.6235794518866	-0.000998118410647878	-0.0411369235370122
4254	"NA_[4254_252.11_1.1]"	0.622197414755402	0.0564317419008866	-0.0380568699914978
4185	"NA_[4185_546.35_8.8]"	0.619298038982988	0.0239500611758389	-0.0319762293797124
2386	"NA_[2386_280.26_7]"	0.615511333577901	0.0264602037079465	-0.0558489207325285
43	"4-hydroxy-3-methoxycinnamoylagmatine_[43_307.18_2.2]"	0.61505167745506	0.0388243369047675	-0.0160068633499925
926	"NA_[926_552.4_9]"	0.611071539022021	0.0537521733117248	-0.0389736653505678
91	"NA_[91_323.14_3.7]"	0.610173273566604	0.0521487404116035	-0.0518815186267932
4635	"NA_[4635_344.21_2.9]"	0.607327636129409	0.0491370009213805	-0.0212406166448165
5044	"NA_[5044_524.37_8.8]"	0.602786398370397	0.0495023664194087	-0.0450545057852769
1900	"2-Hydroxy-4,7-dimethoxy-2H-1,4-benzoxazin-3(4H)-one_[1900_226.07_3.1]"	0.583654129982756	0.0322916974813325	-0.0529913075492241
4680	"3-(1H-indol-3-yl)-2-(methylamino)propanoic acid_[4680_219.11_2.1]"	0.582272552104898	0.0331078463309419	-0.0421791620256446
1966	"HDMBOA-Glc_[1966_388.12_3.1]"	0.579367980633907	0.0319309442224531	-0.0533481496444657
786	"NA_[786_766.58_10]"	0.579174612956125	0.0150598066756547	-0.0525989066851758
3536	"NA_[3536_217.15_2.4]"	0.574164347286574	0.0456103428871778	-0.0545752820735078
4918	"NA_[4918_240.09_1.6]"	0.57258231489237	0.0523176175286296	-0.028743542072237
3111	"NA_[3111_291.14_1.9]"	0.571428130443682	0.0508155370968844	-0.0397127048633468
3194	"5-Hydroxytryptophol_[3194_160.08_1.3]"	0.569274855931468	0.0244901291429237	-0.0502076671898988
5292	"DIMBOA-Glc_[5292_374.11_2.7]"	0.56559533177534	0.0105944333687544	-0.0466475238432167
1614	"7,8-dihydro-8-oxoguanine_[1614_168.05_0.8]"	0.559623276757364	0.0515558495504173	-0.030870369580022
4186	"NA_[4186_468.31_6.9]"	0.559458010430553	0.0505241793416544	-0.0454729277969344
3616	"NA_[3616_420.21_3.4]"	0.555327692007496	0.0238204257752824	-0.0472414207511813
3891	"NA_[3891_496.34_7.9]"	0.552517768926883	0.0454807949379761	-0.0456575463825052
2572	"NA_[2572_366.19_4.1]"	0.542911537231158	0.025209530799366	-0.0116576809972768
1333	"tryptophol_[1333_144.08_2.3]"	0.539342795873172	0.0432124971632453	-0.057302089211954
1781	"NA_[1781_340.21_3.9]"	0.53459171955472	0.0476564370095177	-0.0300465210467201
602	"NA_[602_382.37_10.1]"	0.530643988712489	0.0483699842419893	-0.0392357716103757
3637	"NA_[3637_518.32_7.9]"	0.523836709708528	0.0423222175131251	-0.0422523644657782
3375	"NA_[3375_260.19_3.2]"	0.523045066271897	0.0457131355895465	-0.0299544476811199
5374	"NA_[5374_373.14_4]"	0.516448774256944	0.0476249613711838	-0.0483262065964955
4205	"NA_[4205_328.21_3.8]"	0.515474676942779	0.0385881638597144	-0.0175377834284982
4230	"NA_[4230_303.22_2]"	0.506023878342458	0.0429548511573936	-0.0186772804775238
4312	"NA_[4312_278.25_7]"	0.502907120065306	0.0422787159052242	-0.0440934789086988
665	"N-(4-Aminobutyl)-3-(4-hydroxyphenyl)prop-2-enamide_[665_235.14_2.8]"	0.499405093673286	0.0312717601224187	-0.0429459202097727
5190	"methiin_[5190_152.04_0.5]"	0.495421269086027	0.0457013343164635	-0.0314101573779496
1131	"NA_[1131_378.3_8.7]"	0.470447849625732	0.043147493990069	-0.0300464419430412
2302	"NA_[2302_344.28_5.9]"	0.469911997017012	0.0327748224971518	-0.0203649089192723
3798	"NA_[3798_430.33_9.9]"	0.467190144199604	0.0431298201348911	-0.0284932300959815
3197	"monoethyl phthalate_[3197_177.05_5.8]"	0.465224108514639	0.0411887797561608	-0.0340975843394296
2871	"NA_[2871_319.06_0.8]"	0.430872414292016	0.0340994809119972	-0.020884520304178
2705	"4-hydroxy-3-methoxycinnamoylagmatine_[2705_307.18_2]"	0.422571326183807	0.0387432697245015	-0.0289415900345985
3658	"alpha-CEHC_[3658_261.15_6.4]"	0.397748651111557	0.0361177471328833	-0.0523729957562667
5078	"NA_[5078_510.39_9]"	0.385393541751914	0.0332648477504557	-0.0319249915004257
4874	"C17-sphinganine_[4874_288.29_6.7]"	0.382141196753097	0.0330156595918657	-0.0332603347430102
2644	"N-hexadecanoylglycine_[2644_296.26_7.7]"	0.378138047397975	0.0311854680457517	-0.0416415329452618
832	"NA_[832_281.13_4.5]"	0.373339293627037	0.0274388720018673	-0.0471561023420202
3649	"N-(4-Aminobutyl)-3-(4-hydroxyphenyl)prop-2-enamide_[3649_235.14_1.9]"	0.366850422679309	0.031477031975502	-0.0427346182339434
3948	"serotonin_[3948_177.1_1.8]"	0.364730779234441	0.0293288174851569	-0.0467363237720098
2008	"NA_[2008_280.26_8]"	0.361118957669721	0.0329887337907218	-0.0368347525809948
2470	"NA_[2470_217.12_4.2]"	0.356066380004365	0.0328137545668177	-0.0301959237191851
3774	"NA_[3774_441.2_4]"	0.255863681132299	0.0228203861358318	-0.0460703874757599
